#
# There is insufficient memory for the Java Runtime Environment to continue.
# Native memory allocation (mmap) failed to map 549453824 bytes for Failed to commit area from 0x00000004d0000000 to 0x00000004f0c00000 of length 549453824.
# Possible reasons:
#   The system is out of physical RAM or swap space
#   The process is running with CompressedOops enabled, and the Java Heap may be blocking the growth of the native heap
# Possible solutions:
#   Reduce memory load on the system
#   Increase physical memory or swap space
#   Check if swap backing store is full
#   Decrease Java heap size (-Xmx/-Xms)
#   Decrease number of Java threads
#   Decrease Java thread stack sizes (-Xss)
#   Set larger code cache with -XX:ReservedCodeCacheSize=
#   JVM is running with Zero Based Compressed Oops mode in which the Java heap is
#     placed in the first 32GB address space. The Java Heap base address is the
#     maximum limit for the native heap growth. Please use -XX:HeapBaseMinAddress
#     to set the Java Heap base and to place the Java Heap above 32GB virtual address.
# This output file may be truncated or incomplete.
#
#  Out of Memory Error (./src/hotspot/os/windows/os_windows.cpp:3619), pid=56844, tid=44276
#
# JRE version: OpenJDK Runtime Environment JBR-11.0.13.7-1751.21-jcef (11.0.13+7) (build 11.0.13+7-b1751.21)
# Java VM: OpenJDK 64-Bit Server VM JBR-11.0.13.7-1751.21-jcef (11.0.13+7-b1751.21, mixed mode, tiered, compressed oops, g1 gc, windows-amd64)
# No core dump will be written. Minidumps are not enabled by default on client versions of Windows
#

---------------  S U M M A R Y ------------

Command Line: -Xmx16G -XX:+IgnoreUnrecognizedVMOptions --add-opens=java.base/java.lang=ALL-UNNAMED --add-opens=java.base/java.lang.invoke=ALL-UNNAMED --add-opens=java.base/java.lang.reflect=ALL-UNNAMED --add-opens=java.base/java.io=ALL-UNNAMED --add-opens=java.base/java.net=ALL-UNNAMED --add-opens=java.base/java.nio=ALL-UNNAMED --add-opens=java.base/java.util=ALL-UNNAMED --add-opens=java.base/java.util.concurrent=ALL-UNNAMED --add-opens=java.base/java.util.concurrent.atomic=ALL-UNNAMED --add-opens=java.base/jdk.internal.ref=ALL-UNNAMED --add-opens=java.base/sun.nio.ch=ALL-UNNAMED --add-opens=java.base/sun.nio.cs=ALL-UNNAMED --add-opens=java.base/sun.security.action=ALL-UNNAMED --add-opens=java.base/sun.util.calendar=ALL-UNNAMED --add-opens=java.security.jgss/sun.security.krb5=ALL-UNNAMED -Djdk.reflect.useDirectMethodHandle=false -agentpath:C:\Program Files\SentinelOne\Sentinel Agent 23.4.4.223\SentinelJava64.dll=extendedCapabilities org.apache.spark.deploy.SparkSubmit --conf spark.master=local[*] --conf spark.driver.memory=16G --conf spark.kryoserializer.buffer.max=2000M --conf spark.driver.maxResultSize=0 --conf spark.jars.packages=com.johnsnowlabs.nlp:spark-nlp-gpu_2.12:5.5.2 --conf appName=default --conf spark.serializer=org.apache.spark.serializer.KryoSerializer --conf spark.app.name=Spark NLP pyspark-shell

Host: Intel(R) Xeon(R) w5-3535X, 40 cores, 63G,  Windows 11 , 64 bit Build 26100 (10.0.26100.2454)
Time: Mon Aug 24 11:21:54 2026 Paris, Madrid (heure d’été) elapsed time: 354451.176829 seconds (4d 2h 27m 31s)

---------------  T H R E A D  ---------------

Current thread (0x000001d0e97c3800):  VMThread "VM Thread" [stack: 0x00000043b3600000,0x00000043b3700000] [id=44276]

Stack: [0x00000043b3600000,0x00000043b3700000]
[error occurred during error reporting (printing stack bounds), id 0xc0000005, EXCEPTION_ACCESS_VIOLATION (0xc0000005) at pc=0x000001d0ae2f12e7]

Native frames: (J=compiled Java code, j=interpreted, Vv=VM code, C=native code)
V  [jvm.dll+0x613daa]  os::platform_print_native_stack+0xca  (os_windows_x86.cpp:370)
V  [jvm.dll+0x799b30]  VMError::report+0xa90  (vmerror.cpp:711)
V  [jvm.dll+0x79b14d]  VMError::report_and_die+0x63d  (vmerror.cpp:1514)
V  [jvm.dll+0x79b785]  VMError::report_and_die+0x45  (vmerror.cpp:1276)
V  [jvm.dll+0x79b73b]  VMError::report_and_die+0x2b  (vmerror.cpp:1281)
V  [jvm.dll+0x612ed4]  topLevelExceptionFilter+0x444  (os_windows.cpp:2872)
V  [jvm.dll+0x613668]  HandleExceptionFromCodeCache+0x18  (os_windows_x86.cpp:145)
C  [ntdll.dll+0x163e5f]
C  [ntdll.dll+0x1f358]
C  [ntdll.dll+0x16379e]
C  0x000001d0ae2f12e7

VM_Operation (0x00000043bd1fdba0): G1CollectForAllocation, mode: safepoint, requested by thread 0x000001d0a0edc000


---------------  P R O C E S S  ---------------

Threads class SMR info:
_java_thread_list=0x000001d0f13b38c0, length=146, elements={
0x000001d0a52a1000, 0x000001d0e97c6000, 0x000001d0e97c7000, 0x000001d0e984c000,
0x000001d0e984d000, 0x000001d0e9852000, 0x000001d0e9857800, 0x000001d0e985c000,
0x000001d0e985d000, 0x000001d0e9997000, 0x000001d0f2c54800, 0x000001d0f3f4e000,
0x000001d0eea2b000, 0x000001d0f149f000, 0x000001d0f11ce000, 0x000001d0f5578000,
0x000001d0f27a1800, 0x000001d0ed96f000, 0x000001d0ed6e7800, 0x000001d0ed6e8000,
0x000001d0ed6e6800, 0x000001d0ed6e5800, 0x000001d0f1769800, 0x000001d0f1768000,
0x000001d0f1769000, 0x000001d0f1767800, 0x000001d0f176d000, 0x000001d0f176a800,
0x000001d0f176e000, 0x000001d0f176b800, 0x000001d0f176c000, 0x000001d0f176f800,
0x000001d0f176e800, 0x000001d0f1772000, 0x000001d0f1770000, 0x000001d0f1772800,
0x000001d0f1771000, 0x000001d0f1776000, 0x000001d0f1775000, 0x000001d0f1773800,
0x000001d0f1774800, 0x000001d0ee688000, 0x000001d0ee68a800, 0x000001d0ee68b800,
0x000001d0ee689000, 0x000001d0ee68c800, 0x000001d0ee68a000, 0x000001d0ee68e800,
0x000001d0ee68f800, 0x000001d0ee68d000, 0x000001d0ee690800, 0x000001d0ee68e000,
0x000001d0ee691000, 0x000001d0ee692000, 0x000001d0ee694800, 0x000001d0ee695800,
0x000001d0ee693000, 0x000001d0ee693800, 0x000001d0ee697000, 0x000001d0ee696000,
0x000001d0eb6ae000, 0x000001d0eb6ac800, 0x000001d0eb6ab800, 0x000001d0eb6ae800,
0x000001d0eb6af800, 0x000001d0eb6ad000, 0x000001d0eb6ba000, 0x000001d0ed196000,
0x000001d0ed197000, 0x000001d0ed195800, 0x000001d0ed194800, 0x000001d0ed199800,
0x000001d0ed19a800, 0x000001d0ed198000, 0x000001d0ed198800, 0x000001d0ed19b000,
0x000001d0ed19e800, 0x000001d0ed19c000, 0x000001d0ed19f000, 0x000001d0ed19d000,
0x000001d0ed1a0000, 0x000001d0ed19d800, 0x000001d0ed1a2800, 0x000001d0ed1a3800,
0x000001d0ed1a1000, 0x000001d0ed1a1800, 0x000001d0f0a91000, 0x000001d0f0a92800,
0x000001d0f0a93800, 0x000001d0f0a92000, 0x000001d0f4909000, 0x000001d0ef08c000,
0x000001d0eaeff000, 0x000001d0f9d03000, 0x000001d086efb000, 0x000001d08c4d3800,
0x000001d0fa3e8800, 0x000001d0ec874000, 0x000001d0fa3e9000, 0x000001d08d590000,
0x000001d0f3e13000, 0x000001d0ec3f0000, 0x000001d0fa3e7800, 0x000001d0ec875000,
0x000001d0eca69800, 0x000001d098474800, 0x000001d098472000, 0x000001d098473000,
0x000001d09baed000, 0x000001d09baee800, 0x000001d09baed800, 0x000001d09baec000,
0x000001d0f5a5f000, 0x000001d0f5a5f800, 0x000001d0f5a5e000, 0x000001d0f5a5d000,
0x000001d0f5a60800, 0x000001d098473800, 0x000001d0fbf71000, 0x000001d0fbf6f800,
0x000001d0fbf6e800, 0x000001d0fbf72000, 0x000001d0fbf72800, 0x000001d0fbf70000,
0x000001d0fbf74800, 0x000001d0a0edc000, 0x000001d0a0edd000, 0x000001d0a0edd800,
0x000001d0a0ede800, 0x000001d09c2d4000, 0x000001d09c2d1800, 0x000001d0fbf73800,
0x000001d0fbf75000, 0x000001d0edc15000, 0x000001d0eb182000, 0x000001d0eb183000,
0x000001d0eb183800, 0x000001d0eb184800, 0x000001d0fa2da000, 0x000001d0fa2d9800,
0x000001d0fa2dc800, 0x000001d0fa2dc000, 0x000001d0fa2db000, 0x000001d0edc16000,
0x000001d0edc13800, 0x000001d0eca6b000
}

Java Threads: ( => current thread )
  0x000001d0a52a1000 JavaThread "main" [_thread_in_native, id=28380, stack(0x00000043b3000000,0x00000043b3100000)]
  0x000001d0e97c6000 JavaThread "Reference Handler" daemon [_thread_blocked, id=19068, stack(0x00000043b3700000,0x00000043b3800000)]
  0x000001d0e97c7000 JavaThread "Finalizer" daemon [_thread_blocked, id=18104, stack(0x00000043b3800000,0x00000043b3900000)]
  0x000001d0e984c000 JavaThread "Signal Dispatcher" daemon [_thread_blocked, id=49852, stack(0x00000043b3900000,0x00000043b3a00000)]
  0x000001d0e984d000 JavaThread "Attach Listener" daemon [_thread_blocked, id=8708, stack(0x00000043b3a00000,0x00000043b3b00000)]
  0x000001d0e9852000 JavaThread "Service Thread" daemon [_thread_blocked, id=44520, stack(0x00000043b3b00000,0x00000043b3c00000)]
  0x000001d0e9857800 JavaThread "C2 CompilerThread0" daemon [_thread_blocked, id=40708, stack(0x00000043b3c00000,0x00000043b3d00000)]
  0x000001d0e985c000 JavaThread "C1 CompilerThread0" daemon [_thread_blocked, id=7108, stack(0x00000043b3d00000,0x00000043b3e00000)]
  0x000001d0e985d000 JavaThread "Sweeper thread" daemon [_thread_blocked, id=21848, stack(0x00000043b3e00000,0x00000043b3f00000)]
  0x000001d0e9997000 JavaThread "Common-Cleaner" daemon [_thread_blocked, id=29956, stack(0x00000043b4300000,0x00000043b4400000)]
  0x000001d0f2c54800 JavaThread "org.apache.hadoop.fs.FileSystem$Statistics$StatisticsDataReferenceCleaner" daemon [_thread_blocked, id=656, stack(0x00000043b6f00000,0x00000043b7000000)]
  0x000001d0f3f4e000 JavaThread "Thread-2" [_thread_in_native, id=33756, stack(0x00000043b7000000,0x00000043b7100000)]
  0x000001d0eea2b000 JavaThread "rpc-boss-3-1" daemon [_thread_in_native, id=51760, stack(0x00000043b4500000,0x00000043b4600000)]
  0x000001d0f149f000 JavaThread "dispatcher-event-loop-0" daemon [_thread_blocked, id=55264, stack(0x00000043b4600000,0x00000043b4700000)]
  0x000001d0f11ce000 JavaThread "dispatcher-event-loop-1" daemon [_thread_blocked, id=38332, stack(0x00000043b6400000,0x00000043b6500000)]
  0x000001d0f5578000 JavaThread "dispatcher-event-loop-2" daemon [_thread_blocked, id=50708, stack(0x00000043b6500000,0x00000043b6600000)]
  0x000001d0f27a1800 JavaThread "dispatcher-event-loop-3" daemon [_thread_blocked, id=26352, stack(0x00000043b6600000,0x00000043b6700000)]
  0x000001d0ed96f000 JavaThread "dispatcher-event-loop-4" daemon [_thread_blocked, id=34964, stack(0x00000043b6700000,0x00000043b6800000)]
  0x000001d0ed6e7800 JavaThread "dispatcher-event-loop-5" daemon [_thread_blocked, id=16756, stack(0x00000043b6800000,0x00000043b6900000)]
  0x000001d0ed6e8000 JavaThread "dispatcher-event-loop-6" daemon [_thread_blocked, id=55216, stack(0x00000043b6900000,0x00000043b6a00000)]
  0x000001d0ed6e6800 JavaThread "dispatcher-event-loop-7" daemon [_thread_blocked, id=26800, stack(0x00000043b6a00000,0x00000043b6b00000)]
  0x000001d0ed6e5800 JavaThread "dispatcher-event-loop-8" daemon [_thread_blocked, id=28576, stack(0x00000043b7200000,0x00000043b7300000)]
  0x000001d0f1769800 JavaThread "dispatcher-event-loop-9" daemon [_thread_blocked, id=18168, stack(0x00000043b7300000,0x00000043b7400000)]
  0x000001d0f1768000 JavaThread "dispatcher-event-loop-10" daemon [_thread_blocked, id=56116, stack(0x00000043b7400000,0x00000043b7500000)]
  0x000001d0f1769000 JavaThread "dispatcher-event-loop-11" daemon [_thread_blocked, id=7396, stack(0x00000043b7500000,0x00000043b7600000)]
  0x000001d0f1767800 JavaThread "dispatcher-event-loop-12" daemon [_thread_blocked, id=16832, stack(0x00000043b7600000,0x00000043b7700000)]
  0x000001d0f176d000 JavaThread "dispatcher-event-loop-13" daemon [_thread_blocked, id=9740, stack(0x00000043b7700000,0x00000043b7800000)]
  0x000001d0f176a800 JavaThread "dispatcher-event-loop-14" daemon [_thread_blocked, id=7880, stack(0x00000043b7800000,0x00000043b7900000)]
  0x000001d0f176e000 JavaThread "dispatcher-event-loop-15" daemon [_thread_blocked, id=34568, stack(0x00000043b7900000,0x00000043b7a00000)]
  0x000001d0f176b800 JavaThread "dispatcher-event-loop-16" daemon [_thread_blocked, id=21568, stack(0x00000043b7a00000,0x00000043b7b00000)]
  0x000001d0f176c000 JavaThread "dispatcher-event-loop-17" daemon [_thread_blocked, id=26896, stack(0x00000043b7b00000,0x00000043b7c00000)]
  0x000001d0f176f800 JavaThread "dispatcher-event-loop-18" daemon [_thread_blocked, id=15404, stack(0x00000043b7c00000,0x00000043b7d00000)]
  0x000001d0f176e800 JavaThread "dispatcher-event-loop-19" daemon [_thread_blocked, id=6876, stack(0x00000043b7d00000,0x00000043b7e00000)]
  0x000001d0f1772000 JavaThread "dispatcher-event-loop-20" daemon [_thread_blocked, id=48408, stack(0x00000043b7e00000,0x00000043b7f00000)]
  0x000001d0f1770000 JavaThread "dispatcher-event-loop-21" daemon [_thread_blocked, id=17468, stack(0x00000043b7f00000,0x00000043b8000000)]
  0x000001d0f1772800 JavaThread "dispatcher-event-loop-22" daemon [_thread_blocked, id=22196, stack(0x00000043b8000000,0x00000043b8100000)]
  0x000001d0f1771000 JavaThread "dispatcher-event-loop-23" daemon [_thread_blocked, id=43520, stack(0x00000043b8100000,0x00000043b8200000)]
  0x000001d0f1776000 JavaThread "dispatcher-event-loop-24" daemon [_thread_blocked, id=24016, stack(0x00000043b8200000,0x00000043b8300000)]
  0x000001d0f1775000 JavaThread "dispatcher-event-loop-25" daemon [_thread_blocked, id=13468, stack(0x00000043b8300000,0x00000043b8400000)]
  0x000001d0f1773800 JavaThread "dispatcher-event-loop-26" daemon [_thread_blocked, id=53688, stack(0x00000043b8400000,0x00000043b8500000)]
  0x000001d0f1774800 JavaThread "dispatcher-event-loop-27" daemon [_thread_blocked, id=3412, stack(0x00000043b8500000,0x00000043b8600000)]
  0x000001d0ee688000 JavaThread "dispatcher-event-loop-28" daemon [_thread_blocked, id=27272, stack(0x00000043b8600000,0x00000043b8700000)]
  0x000001d0ee68a800 JavaThread "dispatcher-event-loop-29" daemon [_thread_blocked, id=52588, stack(0x00000043b8700000,0x00000043b8800000)]
  0x000001d0ee68b800 JavaThread "dispatcher-event-loop-30" daemon [_thread_blocked, id=41460, stack(0x00000043b8800000,0x00000043b8900000)]
  0x000001d0ee689000 JavaThread "dispatcher-event-loop-31" daemon [_thread_blocked, id=26556, stack(0x00000043b8900000,0x00000043b8a00000)]
  0x000001d0ee68c800 JavaThread "dispatcher-event-loop-32" daemon [_thread_blocked, id=17412, stack(0x00000043b8a00000,0x00000043b8b00000)]
  0x000001d0ee68a000 JavaThread "dispatcher-event-loop-33" daemon [_thread_blocked, id=44092, stack(0x00000043b8b00000,0x00000043b8c00000)]
  0x000001d0ee68e800 JavaThread "dispatcher-event-loop-34" daemon [_thread_blocked, id=24912, stack(0x00000043b8c00000,0x00000043b8d00000)]
  0x000001d0ee68f800 JavaThread "dispatcher-event-loop-35" daemon [_thread_blocked, id=50880, stack(0x00000043b8d00000,0x00000043b8e00000)]
  0x000001d0ee68d000 JavaThread "dispatcher-event-loop-36" daemon [_thread_blocked, id=25180, stack(0x00000043b8e00000,0x00000043b8f00000)]
  0x000001d0ee690800 JavaThread "dispatcher-event-loop-37" daemon [_thread_blocked, id=13688, stack(0x00000043b8f00000,0x00000043b9000000)]
  0x000001d0ee68e000 JavaThread "dispatcher-event-loop-38" daemon [_thread_blocked, id=8796, stack(0x00000043b9000000,0x00000043b9100000)]
  0x000001d0ee691000 JavaThread "dispatcher-event-loop-39" daemon [_thread_blocked, id=52012, stack(0x00000043b9100000,0x00000043b9200000)]
  0x000001d0ee692000 JavaThread "map-output-dispatcher-0" daemon [_thread_blocked, id=50980, stack(0x00000043b9200000,0x00000043b9300000)]
  0x000001d0ee694800 JavaThread "map-output-dispatcher-1" daemon [_thread_blocked, id=28592, stack(0x00000043b9300000,0x00000043b9400000)]
  0x000001d0ee695800 JavaThread "map-output-dispatcher-2" daemon [_thread_blocked, id=50060, stack(0x00000043b9400000,0x00000043b9500000)]
  0x000001d0ee693000 JavaThread "map-output-dispatcher-3" daemon [_thread_blocked, id=44268, stack(0x00000043b9500000,0x00000043b9600000)]
  0x000001d0ee693800 JavaThread "map-output-dispatcher-4" daemon [_thread_blocked, id=54044, stack(0x00000043b9600000,0x00000043b9700000)]
  0x000001d0ee697000 JavaThread "map-output-dispatcher-5" daemon [_thread_blocked, id=54816, stack(0x00000043b9700000,0x00000043b9800000)]
  0x000001d0ee696000 JavaThread "map-output-dispatcher-6" daemon [_thread_blocked, id=14012, stack(0x00000043b9800000,0x00000043b9900000)]
  0x000001d0eb6ae000 JavaThread "map-output-dispatcher-7" daemon [_thread_blocked, id=43740, stack(0x00000043b9900000,0x00000043b9a00000)]
  0x000001d0eb6ac800 JavaThread "Thread-4" [_thread_in_native, id=56964, stack(0x00000043b9a00000,0x00000043b9b00000)]
  0x000001d0eb6ab800 JavaThread "dispatcher-BlockManagerMaster" daemon [_thread_blocked, id=15140, stack(0x00000043b9b00000,0x00000043b9c00000)]
  0x000001d0eb6ae800 JavaThread "dispatcher-BlockManagerEndpoint1" daemon [_thread_blocked, id=14872, stack(0x00000043b9c00000,0x00000043b9d00000)]
  0x000001d0eb6af800 JavaThread "RemoteBlock-temp-file-clean-thread" daemon [_thread_blocked, id=49956, stack(0x00000043b9d00000,0x00000043b9e00000)]
  0x000001d0eb6ad000 JavaThread "refresh progress" daemon [_thread_blocked, id=47660, stack(0x00000043b9e00000,0x00000043b9f00000)]
  0x000001d0eb6ba000 JavaThread "SparkUI-96-acceptor-0@76321587-ServerConnector@78f5f531{HTTP/1.1, (http/1.1)}{0.0.0.0:4042}" daemon [_thread_blocked, id=31396, stack(0x00000043bab00000,0x00000043bac00000)]
  0x000001d0ed196000 JavaThread "SparkUI-97-acceptor-1@7e017b5b-ServerConnector@78f5f531{HTTP/1.1, (http/1.1)}{0.0.0.0:4042}" daemon [_thread_blocked, id=45240, stack(0x00000043bac00000,0x00000043bad00000)]
  0x000001d0ed197000 JavaThread "SparkUI-98-acceptor-2@2b85818b-ServerConnector@78f5f531{HTTP/1.1, (http/1.1)}{0.0.0.0:4042}" daemon [_thread_blocked, id=9240, stack(0x00000043bad00000,0x00000043bae00000)]
  0x000001d0ed195800 JavaThread "SparkUI-99-acceptor-3@1421dc69-ServerConnector@78f5f531{HTTP/1.1, (http/1.1)}{0.0.0.0:4042}" daemon [_thread_in_native, id=35600, stack(0x00000043bae00000,0x00000043baf00000)]
  0x000001d0ed194800 JavaThread "dispatcher-HeartbeatReceiver" daemon [_thread_blocked, id=43692, stack(0x00000043b3f00000,0x00000043b4000000)]
  0x000001d0ed199800 JavaThread "heartbeat-receiver-event-loop-thread" daemon [_thread_blocked, id=47732, stack(0x00000043b4000000,0x00000043b4100000)]
  0x000001d0ed19a800 JavaThread "netty-rpc-env-timeout" daemon [_thread_blocked, id=52164, stack(0x00000043b4100000,0x00000043b4200000)]
  0x000001d0ed198000 JavaThread "task-starvation-timer" daemon [_thread_blocked, id=28504, stack(0x00000043b4200000,0x00000043b4300000)]
  0x000001d0ed198800 JavaThread "task-abort-timer" daemon [_thread_blocked, id=2352, stack(0x00000043baf00000,0x00000043bb000000)]
  0x000001d0ed19b000 JavaThread "dag-scheduler-event-loop" daemon [_thread_blocked, id=20748, stack(0x00000043bb000000,0x00000043bb100000)]
  0x000001d0ed19e800 JavaThread "driver-heartbeater" daemon [_thread_blocked, id=30684, stack(0x00000043bb100000,0x00000043bb200000)]
  0x000001d0ed19c000 JavaThread "executor-kill-mark-cleanup" daemon [_thread_blocked, id=23388, stack(0x00000043bb200000,0x00000043bb300000)]
  0x000001d0ed19f000 JavaThread "executor-heartbeater" daemon [_thread_blocked, id=52104, stack(0x00000043bb300000,0x00000043bb400000)]
  0x000001d0ed19d000 JavaThread "files-client-5-1" daemon [_thread_in_native, id=17504, stack(0x00000043bb400000,0x00000043bb500000)]
  0x000001d0ed1a0000 JavaThread "rpc-server-4-1" daemon [_thread_in_native, id=14388, stack(0x00000043bb900000,0x00000043bba00000)]
  0x000001d0ed19d800 JavaThread "shuffle-boss-7-1" daemon [_thread_in_native, id=23136, stack(0x00000043b2e00000,0x00000043b2f00000)]
  0x000001d0ed1a2800 JavaThread "Spark Context Cleaner" daemon [_thread_blocked, id=49004, stack(0x00000043b2f00000,0x00000043b3000000)]
  0x000001d0ed1a3800 JavaThread "context-cleaner-periodic-gc" daemon [_thread_blocked, id=34428, stack(0x00000043bb700000,0x00000043bb800000)]
  0x000001d0ed1a1000 JavaThread "spark-listener-group-appStatus" daemon [_thread_blocked, id=46324, stack(0x00000043bba00000,0x00000043bbb00000)]
  0x000001d0ed1a1800 JavaThread "spark-listener-group-executorManagement" daemon [_thread_blocked, id=42656, stack(0x00000043bbb00000,0x00000043bbc00000)]
  0x000001d0f0a91000 JavaThread "element-tracking-store-worker" daemon [_thread_blocked, id=34760, stack(0x00000043bbc00000,0x00000043bbd00000)]
  0x000001d0f0a92800 JavaThread "task-result-getter-0" daemon [_thread_blocked, id=48324, stack(0x00000043bc300000,0x00000043bc400000)]
  0x000001d0f0a93800 JavaThread "task-result-getter-1" daemon [_thread_blocked, id=53268, stack(0x00000043bc800000,0x00000043bc900000)]
  0x000001d0f0a92000 JavaThread "task-result-getter-2" daemon [_thread_blocked, id=8236, stack(0x00000043bcc00000,0x00000043bcd00000)]
  0x000001d0f4909000 JavaThread "task-result-getter-3" daemon [_thread_blocked, id=56036, stack(0x00000043bd900000,0x00000043bda00000)]
  0x000001d0ef08c000 JavaThread "SparkUI-JettyScheduler-1" daemon [_thread_blocked, id=39260, stack(0x00000043bb600000,0x00000043bb700000)]
  0x000001d0eaeff000 JavaThread "Thread-612" [_thread_blocked, id=27348, stack(0x00000043b7100000,0x00000043b7200000)]
  0x000001d0f9d03000 JavaThread "SparkUI-3123" daemon [_thread_in_native, id=55532, stack(0x00000043bf800000,0x00000043bf900000)]
  0x000001d086efb000 JavaThread "SparkUI-3124" daemon [_thread_in_native, id=8172, stack(0x00000043bf900000,0x00000043bfa00000)]
  0x000001d08c4d3800 JavaThread "SparkUI-3978" daemon [_thread_in_native, id=51452, stack(0x00000043ba600000,0x00000043ba700000)]
  0x000001d0fa3e8800 JavaThread "SparkUI-3980" daemon [_thread_in_native, id=50540, stack(0x00000043ba800000,0x00000043ba900000)]
  0x000001d0ec874000 JavaThread "SparkUI-3990" daemon [_thread_in_native, id=34320, stack(0x00000043ba700000,0x00000043ba800000)]
  0x000001d0fa3e9000 JavaThread "SparkUI-4022" daemon [_thread_in_native, id=35796, stack(0x00000043bec00000,0x00000043bed00000)]
  0x000001d08d590000 JavaThread "SparkUI-9632" daemon [_thread_in_native, id=15048, stack(0x00000043ba000000,0x00000043ba100000)]
  0x000001d0f3e13000 JavaThread "SparkUI-9634" daemon [_thread_in_native, id=47140, stack(0x00000043ba200000,0x00000043ba300000)]
  0x000001d0ec3f0000 JavaThread "SparkUI-9637" daemon [_thread_in_native, id=33640, stack(0x00000043ba500000,0x00000043ba600000)]
  0x000001d0fa3e7800 JavaThread "SparkUI-9760" daemon [_thread_in_native, id=50492, stack(0x00000043b9f00000,0x00000043ba000000)]
  0x000001d0ec875000 JavaThread "SparkUI-9762" daemon [_thread_in_native, id=31064, stack(0x00000043ba300000,0x00000043ba400000)]
  0x000001d0eca69800 JavaThread "SparkUI-9764" daemon [_thread_in_native, id=37976, stack(0x00000043ba900000,0x00000043baa00000)]
  0x000001d098474800 JavaThread "Executor task launch worker for task 37.0 in stage 322.0 (TID 5213)" daemon [_thread_blocked, id=49092, stack(0x00000043ba100000,0x00000043ba200000)]
  0x000001d098472000 JavaThread "Executor task launch worker for task 35.0 in stage 322.0 (TID 5211)" daemon [_thread_blocked, id=6692, stack(0x00000043ba400000,0x00000043ba500000)]
  0x000001d098473000 JavaThread "Executor task launch worker for task 30.0 in stage 322.0 (TID 5206)" daemon [_thread_blocked, id=55668, stack(0x00000043bb800000,0x00000043bb900000)]
  0x000001d09baed000 JavaThread "Executor task launch worker for task 36.0 in stage 322.0 (TID 5212)" daemon [_thread_blocked, id=48376, stack(0x00000043bbd00000,0x00000043bbe00000)]
  0x000001d09baee800 JavaThread "Executor task launch worker for task 41.0 in stage 319.0 (TID 5162)" daemon [_thread_blocked, id=56384, stack(0x00000043bbe00000,0x00000043bbf00000)]
  0x000001d09baed800 JavaThread "Executor task launch worker for task 33.0 in stage 322.0 (TID 5209)" daemon [_thread_blocked, id=45748, stack(0x00000043bbf00000,0x00000043bc000000)]
  0x000001d09baec000 JavaThread "Executor task launch worker for task 40.0 in stage 319.0 (TID 5161)" daemon [_thread_blocked, id=9676, stack(0x00000043bc000000,0x00000043bc100000)]
  0x000001d0f5a5f000 JavaThread "Executor task launch worker for task 31.0 in stage 322.0 (TID 5207)" daemon [_thread_blocked, id=36028, stack(0x00000043bc100000,0x00000043bc200000)]
  0x000001d0f5a5f800 JavaThread "Executor task launch worker for task 32.0 in stage 322.0 (TID 5208)" daemon [_thread_blocked, id=42220, stack(0x00000043bc200000,0x00000043bc300000)]
  0x000001d0f5a5e000 JavaThread "Executor task launch worker for task 42.0 in stage 322.0 (TID 5218)" daemon [_thread_blocked, id=2692, stack(0x00000043bc400000,0x00000043bc500000)]
  0x000001d0f5a5d000 JavaThread "Executor task launch worker for task 25.0 in stage 322.0 (TID 5201)" daemon [_thread_blocked, id=48068, stack(0x00000043bc500000,0x00000043bc600000)]
  0x000001d0f5a60800 JavaThread "Executor task launch worker for task 18.0 in stage 322.0 (TID 5194)" daemon [_thread_blocked, id=38680, stack(0x00000043bc600000,0x00000043bc700000)]
  0x000001d098473800 JavaThread "Executor task launch worker for task 81.0 in stage 324.0 (TID 5302)" daemon [_thread_blocked, id=29748, stack(0x00000043bc700000,0x00000043bc800000)]
  0x000001d0fbf71000 JavaThread "Executor task launch worker for task 28.0 in stage 322.0 (TID 5204)" daemon [_thread_blocked, id=31504, stack(0x00000043bc900000,0x00000043bca00000)]
  0x000001d0fbf6f800 JavaThread "Executor task launch worker for task 19.0 in stage 322.0 (TID 5195)" daemon [_thread_blocked, id=8176, stack(0x00000043bca00000,0x00000043bcb00000)]
  0x000001d0fbf6e800 JavaThread "Executor task launch worker for task 78.0 in stage 324.0 (TID 5299)" daemon [_thread_blocked, id=26132, stack(0x00000043bcb00000,0x00000043bcc00000)]
  0x000001d0fbf72000 JavaThread "Executor task launch worker for task 17.0 in stage 322.0 (TID 5193)" daemon [_thread_blocked, id=10720, stack(0x00000043bcd00000,0x00000043bce00000)]
  0x000001d0fbf72800 JavaThread "Executor task launch worker for task 84.0 in stage 324.0 (TID 5305)" daemon [_thread_blocked, id=50972, stack(0x00000043bce00000,0x00000043bcf00000)]
  0x000001d0fbf70000 JavaThread "Executor task launch worker for task 34.0 in stage 322.0 (TID 5210)" daemon [_thread_blocked, id=7348, stack(0x00000043bcf00000,0x00000043bd000000)]
  0x000001d0fbf74800 JavaThread "Executor task launch worker for task 19.0 in stage 319.0 (TID 5140)" daemon [_thread_blocked, id=34020, stack(0x00000043bd000000,0x00000043bd100000)]
  0x000001d0a0edc000 JavaThread "Executor task launch worker for task 79.0 in stage 324.0 (TID 5300)" daemon [_thread_blocked, id=55664, stack(0x00000043bd100000,0x00000043bd200000)]
  0x000001d0a0edd000 JavaThread "Executor task launch worker for task 43.0 in stage 322.0 (TID 5219)" daemon [_thread_blocked, id=22188, stack(0x00000043bd200000,0x00000043bd300000)]
  0x000001d0a0edd800 JavaThread "Executor task launch worker for task 41.0 in stage 322.0 (TID 5217)" daemon [_thread_blocked, id=8024, stack(0x00000043bd300000,0x00000043bd400000)]
  0x000001d0a0ede800 JavaThread "Executor task launch worker for task 26.0 in stage 322.0 (TID 5202)" daemon [_thread_blocked, id=7644, stack(0x00000043bd400000,0x00000043bd500000)]
  0x000001d09c2d4000 JavaThread "Executor task launch worker for task 24.0 in stage 322.0 (TID 5200)" daemon [_thread_blocked, id=50368, stack(0x00000043bd500000,0x00000043bd600000)]
  0x000001d09c2d1800 JavaThread "Executor task launch worker for task 44.0 in stage 322.0 (TID 5220)" daemon [_thread_blocked, id=24736, stack(0x00000043bd600000,0x00000043bd700000)]
  0x000001d0fbf73800 JavaThread "Executor task launch worker for task 80.0 in stage 324.0 (TID 5301)" daemon [_thread_blocked, id=51744, stack(0x00000043bd700000,0x00000043bd800000)]
  0x000001d0fbf75000 JavaThread "Executor task launch worker for task 21.0 in stage 322.0 (TID 5197)" daemon [_thread_blocked, id=47972, stack(0x00000043bd800000,0x00000043bd900000)]
  0x000001d0edc15000 JavaThread "Executor task launch worker for task 27.0 in stage 322.0 (TID 5203)" daemon [_thread_blocked, id=13064, stack(0x00000043bda00000,0x00000043bdb00000)]
  0x000001d0eb182000 JavaThread "Executor task launch worker for task 38.0 in stage 322.0 (TID 5214)" daemon [_thread_blocked, id=24980, stack(0x00000043bdb00000,0x00000043bdc00000)]
  0x000001d0eb183000 JavaThread "Executor task launch worker for task 29.0 in stage 322.0 (TID 5205)" daemon [_thread_blocked, id=17420, stack(0x00000043bdc00000,0x00000043bdd00000)]
  0x000001d0eb183800 JavaThread "Executor task launch worker for task 82.0 in stage 324.0 (TID 5303)" daemon [_thread_blocked, id=43840, stack(0x00000043bde00000,0x00000043bdf00000)]
  0x000001d0eb184800 JavaThread "Executor task launch worker for task 22.0 in stage 322.0 (TID 5198)" daemon [_thread_blocked, id=44560, stack(0x00000043bdf00000,0x00000043be000000)]
  0x000001d0fa2da000 JavaThread "Executor task launch worker for task 77.0 in stage 324.0 (TID 5298)" daemon [_thread_blocked, id=16768, stack(0x00000043be000000,0x00000043be100000)]
  0x000001d0fa2d9800 JavaThread "Executor task launch worker for task 16.0 in stage 322.0 (TID 5192)" daemon [_thread_blocked, id=21300, stack(0x00000043be100000,0x00000043be200000)]
  0x000001d0fa2dc800 JavaThread "Executor task launch worker for task 83.0 in stage 324.0 (TID 5304)" daemon [_thread_blocked, id=13984, stack(0x00000043be200000,0x00000043be300000)]
  0x000001d0fa2dc000 JavaThread "Executor task launch worker for task 20.0 in stage 322.0 (TID 5196)" daemon [_thread_blocked, id=54752, stack(0x00000043be300000,0x00000043be400000)]
  0x000001d0fa2db000 JavaThread "Executor task launch worker for task 23.0 in stage 322.0 (TID 5199)" daemon [_thread_blocked, id=43364, stack(0x00000043be400000,0x00000043be500000)]
  0x000001d0edc16000 JavaThread "Executor task launch worker for task 39.0 in stage 322.0 (TID 5215)" daemon [_thread_blocked, id=43016, stack(0x00000043be500000,0x00000043be600000)]
  0x000001d0edc13800 JavaThread "Executor task launch worker for task 40.0 in stage 322.0 (TID 5216)" daemon [_thread_blocked, id=53804, stack(0x00000043be600000,0x00000043be700000)]
  0x000001d0eca6b000 JavaThread "broadcast-exchange-13" daemon [_thread_blocked, id=46612, stack(0x00000043bf100000,0x00000043bf200000)]

Other Threads:
=>0x000001d0e97c3800 VMThread "VM Thread" [stack: 0x00000043b3600000,0x00000043b3700000] [id=44276]
  0x000001d0ea5af800 WatcherThread [stack: 0x00000043b4400000,0x00000043b4500000] [id=24300]
  0x000001d0a52c3800 GCTaskThread "GC Thread#0" [stack: 0x00000043b3100000,0x00000043b3200000] [id=18128]
  0x000001d0ec497000 GCTaskThread "GC Thread#1" [stack: 0x00000043b4b00000,0x00000043b4c00000] [id=40604]
  0x000001d0f0f3e800 GCTaskThread "GC Thread#2" [stack: 0x00000043b4c00000,0x00000043b4d00000] [id=44976]
  0x000001d0ec449800 GCTaskThread "GC Thread#3" [stack: 0x00000043b4d00000,0x00000043b4e00000] [id=30152]
  0x000001d0f0ce5000 GCTaskThread "GC Thread#4" [stack: 0x00000043b4e00000,0x00000043b4f00000] [id=15064]
  0x000001d0ec61e000 GCTaskThread "GC Thread#5" [stack: 0x00000043b4f00000,0x00000043b5000000] [id=53772]
  0x000001d0ecebe800 GCTaskThread "GC Thread#6" [stack: 0x00000043b5000000,0x00000043b5100000] [id=5436]
  0x000001d0ecebf800 GCTaskThread "GC Thread#7" [stack: 0x00000043b5100000,0x00000043b5200000] [id=42044]
  0x000001d0ecd31000 GCTaskThread "GC Thread#8" [stack: 0x00000043b5200000,0x00000043b5300000] [id=29596]
  0x000001d0ecd31800 GCTaskThread "GC Thread#9" [stack: 0x00000043b5300000,0x00000043b5400000] [id=15128]
  0x000001d0ec211800 GCTaskThread "GC Thread#10" [stack: 0x00000043b5400000,0x00000043b5500000] [id=18612]
  0x000001d0ec212000 GCTaskThread "GC Thread#11" [stack: 0x00000043b5500000,0x00000043b5600000] [id=47388]
  0x000001d0ed48a800 GCTaskThread "GC Thread#12" [stack: 0x00000043b5600000,0x00000043b5700000] [id=45660]
  0x000001d0ec8ec000 GCTaskThread "GC Thread#13" [stack: 0x00000043b5700000,0x00000043b5800000] [id=42952]
  0x000001d0ec8ec800 GCTaskThread "GC Thread#14" [stack: 0x00000043b5800000,0x00000043b5900000] [id=39284]
  0x000001d0ecca6800 GCTaskThread "GC Thread#15" [stack: 0x00000043b5900000,0x00000043b5a00000] [id=37268]
  0x000001d0ed066800 GCTaskThread "GC Thread#16" [stack: 0x00000043b5a00000,0x00000043b5b00000] [id=41840]
  0x000001d0ed068800 GCTaskThread "GC Thread#17" [stack: 0x00000043b5b00000,0x00000043b5c00000] [id=20252]
  0x000001d0ed065800 GCTaskThread "GC Thread#18" [stack: 0x00000043b5c00000,0x00000043b5d00000] [id=12452]
  0x000001d0ed06a000 GCTaskThread "GC Thread#19" [stack: 0x00000043b5d00000,0x00000043b5e00000] [id=37800]
  0x000001d0ecb88800 GCTaskThread "GC Thread#20" [stack: 0x00000043b5e00000,0x00000043b5f00000] [id=2520]
  0x000001d0ec23f000 GCTaskThread "GC Thread#21" [stack: 0x00000043b5f00000,0x00000043b6000000] [id=13916]
  0x000001d0ec23f800 GCTaskThread "GC Thread#22" [stack: 0x00000043b6000000,0x00000043b6100000] [id=47000]
  0x000001d0ec23d800 GCTaskThread "GC Thread#23" [stack: 0x00000043b6100000,0x00000043b6200000] [id=39816]
  0x000001d0ecb94000 GCTaskThread "GC Thread#24" [stack: 0x00000043b6b00000,0x00000043b6c00000] [id=43896]
  0x000001d0ecb91000 GCTaskThread "GC Thread#25" [stack: 0x00000043b6c00000,0x00000043b6d00000] [id=37276]
  0x000001d0ecb97800 GCTaskThread "GC Thread#26" [stack: 0x00000043b6d00000,0x00000043b6e00000] [id=8464]
  0x000001d0ecb96000 GCTaskThread "GC Thread#27" [stack: 0x00000043b6e00000,0x00000043b6f00000] [id=13232]
  0x000001d0a2e0d000 ConcurrentGCThread "G1 Main Marker" [stack: 0x00000043b3200000,0x00000043b3300000] [id=26868]
  0x000001d0a5304000 ConcurrentGCThread "G1 Conc#0" [stack: 0x00000043b3300000,0x00000043b3400000] [id=52024]
  0x000001d0ec241000 ConcurrentGCThread "G1 Conc#1" [stack: 0x00000043b4700000,0x00000043b4800000] [id=19328]
  0x000001d0ec243800 ConcurrentGCThread "G1 Conc#2" [stack: 0x00000043b4800000,0x00000043b4900000] [id=16380]
  0x000001d0ec245800 ConcurrentGCThread "G1 Conc#3" [stack: 0x00000043b4900000,0x00000043b4a00000] [id=20868]
  0x000001d0ec246000 ConcurrentGCThread "G1 Conc#4" [stack: 0x00000043b4a00000,0x00000043b4b00000] [id=6392]
  0x000001d0ec245000 ConcurrentGCThread "G1 Conc#5" [stack: 0x00000043b6200000,0x00000043b6300000] [id=56168]
  0x000001d0ec249000 ConcurrentGCThread "G1 Conc#6" [stack: 0x00000043b6300000,0x00000043b6400000] [id=43688]
  0x000001d0a2e0f000 ConcurrentGCThread "G1 Refine#0" [stack: 0x00000043b3400000,0x00000043b3500000] [id=21564]
  0x000001d0f18b7000 ConcurrentGCThread "G1 Refine#1" [stack: 0x00000043bdd00000,0x00000043bde00000] [id=51008]
  0x000001d0f18b8800 ConcurrentGCThread "G1 Refine#2" [stack: 0x00000043bee00000,0x00000043bef00000] [id=29648]
  0x000001d0f18b8000 ConcurrentGCThread "G1 Refine#3" [stack: 0x00000043bef00000,0x00000043bf000000] [id=42908]
  0x000001d0f18ba000 ConcurrentGCThread "G1 Refine#4" [stack: 0x00000043bf000000,0x00000043bf100000] [id=47344]
  0x000001d0f18c5800 ConcurrentGCThread "G1 Refine#5" [stack: 0x00000043bfe00000,0x00000043bff00000] [id=45524]
  0x000001d0f18c7000 ConcurrentGCThread "G1 Refine#6" [stack: 0x00000043bff00000,0x00000043c0000000] [id=30764]
  0x000001d0f18c9000 ConcurrentGCThread "G1 Refine#7" [stack: 0x00000043c0000000,0x00000043c0100000] [id=26764]
  0x000001d0bf48e800 ConcurrentGCThread "G1 Young RemSet Sampling" [stack: 0x00000043b3500000,0x00000043b3600000] [id=24204]

Threads with active compile tasks:

VM state:at safepoint (normal execution)

VM Mutex/Monitor currently owned by a thread:  ([mutex/lock_event])
[0x000001d0a52a5520] Threads_lock - owner thread: 0x000001d0e97c3800
[0x000001d0a52a5a30] Heap_lock - owner thread: 0x000001d0a0edc000

OutOfMemory and StackOverflow Exception counts:
OutOfMemoryError java_heap_errors=5
LinkageErrors=1163

Heap address: 0x0000000400000000, size: 16384 MB, Compressed Oops mode: Zero based, Oop shift amount: 3
Narrow klass base: 0x0000000800000000, Narrow klass shift: 0
Compressed class space size: 1073741824 Address: 0x0000000800000000

Heap:
 garbage-first heap   total 3944448K, used 2497110K [0x0000000400000000, 0x0000000800000000)
  region size 4096K, 13 young (53248K), 13 survivors (53248K)
 Metaspace       used 185312K, capacity 197552K, committed 204544K, reserved 1220608K
  class space    used 24646K, capacity 29880K, committed 33536K, reserved 1048576K
Heap Regions: E=young(eden), S=young(survivor), O=old, HS=humongous(starts), HC=humongous(continues), CS=collection set, F=free, A=archive, TAMS=top-at-mark-start (previous, next)
|   0|0x0000000400000000, 0x0000000400400000, 0x0000000400400000|100%|HS|  |TAMS 0x0000000400400000, 0x0000000400000000| Complete 
|   1|0x0000000400400000, 0x00000004007ffff8, 0x0000000400800000| 99%| O|  |TAMS 0x00000004007ffff8, 0x0000000400400000| Untracked 
|   2|0x0000000400800000, 0x0000000400bfffb0, 0x0000000400c00000| 99%| O|  |TAMS 0x0000000400bfffb0, 0x0000000400800000| Untracked 
|   3|0x0000000400c00000, 0x0000000400fffff8, 0x0000000401000000| 99%| O|  |TAMS 0x0000000400fffff8, 0x0000000400c00000| Untracked 
|   4|0x0000000401000000, 0x00000004013fffc8, 0x0000000401400000| 99%| O|  |TAMS 0x00000004013fffc8, 0x0000000401000000| Untracked 
|   5|0x0000000401400000, 0x00000004017ffff0, 0x0000000401800000| 99%| O|  |TAMS 0x00000004017ffff0, 0x0000000401400000| Untracked 
|   6|0x0000000401800000, 0x0000000401c00000, 0x0000000401c00000|100%| O|  |TAMS 0x0000000401c00000, 0x0000000401800000| Untracked 
|   7|0x0000000401c00000, 0x0000000402000000, 0x0000000402000000|100%| O|  |TAMS 0x0000000402000000, 0x0000000401c00000| Untracked 
|   8|0x0000000402000000, 0x00000004023ffff8, 0x0000000402400000| 99%| O|  |TAMS 0x00000004023ffff8, 0x0000000402000000| Untracked 
|   9|0x0000000402400000, 0x00000004027ffff0, 0x0000000402800000| 99%| O|  |TAMS 0x00000004027ffff0, 0x0000000402400000| Untracked 
|  10|0x0000000402800000, 0x0000000402bfffe8, 0x0000000402c00000| 99%| O|  |TAMS 0x0000000402bfffe8, 0x0000000402800000| Untracked 
|  11|0x0000000402c00000, 0x0000000402fffd68, 0x0000000403000000| 99%| O|  |TAMS 0x0000000402fffd68, 0x0000000402c00000| Untracked 
|  12|0x0000000403000000, 0x00000004033fffe8, 0x0000000403400000| 99%| O|  |TAMS 0x00000004033fffe8, 0x0000000403000000| Untracked 
|  13|0x0000000403400000, 0x0000000403800000, 0x0000000403800000|100%| O|  |TAMS 0x0000000403800000, 0x0000000403400000| Untracked 
|  14|0x0000000403800000, 0x0000000403c00000, 0x0000000403c00000|100%| O|  |TAMS 0x0000000403c00000, 0x0000000403800000| Untracked 
|  15|0x0000000403c00000, 0x0000000404000000, 0x0000000404000000|100%| O|  |TAMS 0x0000000404000000, 0x0000000403c00000| Untracked 
|  16|0x0000000404000000, 0x00000004043ffff0, 0x0000000404400000| 99%| O|  |TAMS 0x00000004043ffff0, 0x0000000404000000| Untracked 
|  17|0x0000000404400000, 0x00000004047fed70, 0x0000000404800000| 99%| O|  |TAMS 0x00000004047fed70, 0x0000000404400000| Untracked 
|  18|0x0000000404800000, 0x0000000404bfffc8, 0x0000000404c00000| 99%| O|  |TAMS 0x0000000404bfffc8, 0x0000000404800000| Untracked 
|  19|0x0000000404c00000, 0x0000000404fffff0, 0x0000000405000000| 99%| O|  |TAMS 0x0000000404fffff0, 0x0000000404c00000| Untracked 
|  20|0x0000000405000000, 0x0000000405400000, 0x0000000405400000|100%| O|  |TAMS 0x0000000405400000, 0x0000000405000000| Untracked 
|  21|0x0000000405400000, 0x00000004057ffff0, 0x0000000405800000| 99%| O|  |TAMS 0x00000004057ffff0, 0x0000000405400000| Untracked 
|  22|0x0000000405800000, 0x0000000405bffff8, 0x0000000405c00000| 99%| O|  |TAMS 0x0000000405bffff8, 0x0000000405800000| Untracked 
|  23|0x0000000405c00000, 0x0000000406000000, 0x0000000406000000|100%| O|  |TAMS 0x0000000406000000, 0x0000000405c00000| Untracked 
|  24|0x0000000406000000, 0x00000004063ffff0, 0x0000000406400000| 99%| O|  |TAMS 0x00000004063ffff0, 0x0000000406000000| Untracked 
|  25|0x0000000406400000, 0x0000000406800000, 0x0000000406800000|100%| O|  |TAMS 0x0000000406800000, 0x0000000406400000| Untracked 
|  26|0x0000000406800000, 0x0000000406bfffe8, 0x0000000406c00000| 99%| O|  |TAMS 0x0000000406bfffe8, 0x0000000406800000| Untracked 
|  27|0x0000000406c00000, 0x0000000407000000, 0x0000000407000000|100%| O|  |TAMS 0x0000000407000000, 0x0000000406c00000| Untracked 
|  28|0x0000000407000000, 0x0000000407400000, 0x0000000407400000|100%| O|  |TAMS 0x0000000407400000, 0x0000000407000000| Untracked 
|  29|0x0000000407400000, 0x00000004077ffff8, 0x0000000407800000| 99%| O|  |TAMS 0x00000004077ffff8, 0x0000000407400000| Untracked 
|  30|0x0000000407800000, 0x0000000407c00000, 0x0000000407c00000|100%| O|  |TAMS 0x0000000407c00000, 0x0000000407800000| Untracked 
|  31|0x0000000407c00000, 0x0000000407fffff8, 0x0000000408000000| 99%| O|  |TAMS 0x0000000407fffff8, 0x0000000407c00000| Untracked 
|  32|0x0000000408000000, 0x00000004083ffff0, 0x0000000408400000| 99%| O|  |TAMS 0x00000004083ffff0, 0x0000000408000000| Untracked 
|  33|0x0000000408400000, 0x00000004087fffe8, 0x0000000408800000| 99%| O|  |TAMS 0x00000004087fffe8, 0x0000000408400000| Untracked 
|  34|0x0000000408800000, 0x0000000408c00000, 0x0000000408c00000|100%| O|  |TAMS 0x0000000408c00000, 0x0000000408800000| Untracked 
|  35|0x0000000408c00000, 0x0000000408fffff8, 0x0000000409000000| 99%| O|  |TAMS 0x0000000408fffff8, 0x0000000408c00000| Untracked 
|  36|0x0000000409000000, 0x0000000409400000, 0x0000000409400000|100%| O|  |TAMS 0x0000000409400000, 0x0000000409000000| Untracked 
|  37|0x0000000409400000, 0x00000004097ffff8, 0x0000000409800000| 99%| O|  |TAMS 0x00000004097ffff8, 0x0000000409400000| Untracked 
|  38|0x0000000409800000, 0x0000000409bffff8, 0x0000000409c00000| 99%| O|  |TAMS 0x0000000409bffff8, 0x0000000409800000| Untracked 
|  39|0x0000000409c00000, 0x0000000409ffff98, 0x000000040a000000| 99%| O|  |TAMS 0x0000000409ffff98, 0x0000000409c00000| Untracked 
|  40|0x000000040a000000, 0x000000040a400000, 0x000000040a400000|100%| O|  |TAMS 0x000000040a400000, 0x000000040a000000| Untracked 
|  41|0x000000040a400000, 0x000000040a7ffff8, 0x000000040a800000| 99%| O|  |TAMS 0x000000040a7ffff8, 0x000000040a400000| Untracked 
|  42|0x000000040a800000, 0x000000040abffff0, 0x000000040ac00000| 99%| O|  |TAMS 0x000000040abffff0, 0x000000040a800000| Untracked 
|  43|0x000000040ac00000, 0x000000040affe868, 0x000000040b000000| 99%| O|  |TAMS 0x000000040affe868, 0x000000040ac00000| Untracked 
|  44|0x000000040b000000, 0x000000040b3ffff8, 0x000000040b400000| 99%| O|  |TAMS 0x000000040b3ffff8, 0x000000040b000000| Untracked 
|  45|0x000000040b400000, 0x000000040b7ffff8, 0x000000040b800000| 99%| O|  |TAMS 0x000000040b7ffff8, 0x000000040b400000| Untracked 
|  46|0x000000040b800000, 0x000000040bbffff0, 0x000000040bc00000| 99%| O|  |TAMS 0x000000040bbffff0, 0x000000040b800000| Untracked 
|  47|0x000000040bc00000, 0x000000040bfffff0, 0x000000040c000000| 99%| O|  |TAMS 0x000000040bfffff0, 0x000000040bc00000| Untracked 
|  48|0x000000040c000000, 0x000000040c3ffff8, 0x000000040c400000| 99%| O|  |TAMS 0x000000040c3ffff8, 0x000000040c000000| Untracked 
|  49|0x000000040c400000, 0x000000040c7fffe8, 0x000000040c800000| 99%| O|  |TAMS 0x000000040c7fffe8, 0x000000040c400000| Untracked 
|  50|0x000000040c800000, 0x000000040cbfffe8, 0x000000040cc00000| 99%| O|  |TAMS 0x000000040cbfffe8, 0x000000040c800000| Untracked 
|  51|0x000000040cc00000, 0x000000040cffea28, 0x000000040d000000| 99%| O|  |TAMS 0x000000040cffea28, 0x000000040cc00000| Untracked 
|  52|0x000000040d000000, 0x000000040d3fffd8, 0x000000040d400000| 99%| O|  |TAMS 0x000000040d3fffd8, 0x000000040d000000| Untracked 
|  53|0x000000040d400000, 0x000000040d7feb40, 0x000000040d800000| 99%| O|  |TAMS 0x000000040d7feb40, 0x000000040d400000| Untracked 
|  54|0x000000040d800000, 0x000000040dbfffa0, 0x000000040dc00000| 99%| O|  |TAMS 0x000000040dbfffa0, 0x000000040d800000| Untracked 
|  55|0x000000040dc00000, 0x000000040dffec18, 0x000000040e000000| 99%| O|  |TAMS 0x000000040dffec18, 0x000000040dc00000| Untracked 
|  56|0x000000040e000000, 0x000000040e400000, 0x000000040e400000|100%| O|  |TAMS 0x000000040e400000, 0x000000040e000000| Untracked 
|  57|0x000000040e400000, 0x000000040e7fe350, 0x000000040e800000| 99%| O|  |TAMS 0x000000040e7fe350, 0x000000040e400000| Untracked 
|  58|0x000000040e800000, 0x000000040ebff1a8, 0x000000040ec00000| 99%| O|  |TAMS 0x000000040ebff1a8, 0x000000040e800000| Untracked 
|  59|0x000000040ec00000, 0x000000040efffd28, 0x000000040f000000| 99%| O|  |TAMS 0x000000040efffd28, 0x000000040ec00000| Untracked 
|  60|0x000000040f000000, 0x000000040f3fe630, 0x000000040f400000| 99%| O|  |TAMS 0x000000040f3fe630, 0x000000040f000000| Untracked 
|  61|0x000000040f400000, 0x000000040f7fe988, 0x000000040f800000| 99%| O|  |TAMS 0x000000040f7fe988, 0x000000040f400000| Untracked 
|  62|0x000000040f800000, 0x000000040fbfff40, 0x000000040fc00000| 99%| O|  |TAMS 0x000000040fbfff40, 0x000000040f800000| Untracked 
|  63|0x000000040fc00000, 0x000000040ffffff8, 0x0000000410000000| 99%| O|  |TAMS 0x000000040ffffff8, 0x000000040fc00000| Untracked 
|  64|0x0000000410000000, 0x00000004103ff530, 0x0000000410400000| 99%| O|  |TAMS 0x00000004103ff530, 0x0000000410000000| Untracked 
|  65|0x0000000410400000, 0x00000004107fe560, 0x0000000410800000| 99%| O|  |TAMS 0x00000004107fe560, 0x0000000410400000| Untracked 
|  66|0x0000000410800000, 0x0000000410bfea20, 0x0000000410c00000| 99%| O|  |TAMS 0x0000000410bfea20, 0x0000000410800000| Untracked 
|  67|0x0000000410c00000, 0x0000000411000000, 0x0000000411000000|100%| O|  |TAMS 0x0000000411000000, 0x0000000410c00000| Untracked 
|  68|0x0000000411000000, 0x00000004113ff1c0, 0x0000000411400000| 99%| O|  |TAMS 0x00000004113ff1c0, 0x0000000411000000| Untracked 
|  69|0x0000000411400000, 0x00000004117ffef0, 0x0000000411800000| 99%| O|  |TAMS 0x00000004117ffef0, 0x0000000411400000| Untracked 
|  70|0x0000000411800000, 0x0000000411bfff30, 0x0000000411c00000| 99%| O|  |TAMS 0x0000000411bfff30, 0x0000000411800000| Untracked 
|  71|0x0000000411c00000, 0x0000000411fffff0, 0x0000000412000000| 99%| O|  |TAMS 0x0000000411fffff0, 0x0000000411c00000| Untracked 
|  72|0x0000000412000000, 0x00000004123fffd0, 0x0000000412400000| 99%| O|  |TAMS 0x00000004123fffd0, 0x0000000412000000| Untracked 
|  73|0x0000000412400000, 0x00000004127ffff0, 0x0000000412800000| 99%| O|  |TAMS 0x00000004127ffff0, 0x0000000412400000| Untracked 
|  74|0x0000000412800000, 0x0000000412bffa10, 0x0000000412c00000| 99%| O|  |TAMS 0x0000000412bffa10, 0x0000000412800000| Untracked 
|  75|0x0000000412c00000, 0x0000000412ffff60, 0x0000000413000000| 99%| O|  |TAMS 0x0000000412ffff60, 0x0000000412c00000| Untracked 
|  76|0x0000000413000000, 0x00000004133ff4f8, 0x0000000413400000| 99%| O|  |TAMS 0x00000004133ff4f8, 0x0000000413000000| Untracked 
|  77|0x0000000413400000, 0x00000004137ff488, 0x0000000413800000| 99%| O|  |TAMS 0x00000004137ff488, 0x0000000413400000| Untracked 
|  78|0x0000000413800000, 0x0000000413bff410, 0x0000000413c00000| 99%| O|  |TAMS 0x0000000413bff410, 0x0000000413800000| Untracked 
|  79|0x0000000413c00000, 0x0000000413ffe4f8, 0x0000000414000000| 99%| O|  |TAMS 0x0000000413ffe4f8, 0x0000000413c00000| Untracked 
|  80|0x0000000414000000, 0x00000004143ffff8, 0x0000000414400000| 99%| O|  |TAMS 0x00000004143ffff8, 0x0000000414000000| Untracked 
|  81|0x0000000414400000, 0x00000004147feab0, 0x0000000414800000| 99%| O|  |TAMS 0x00000004147feab0, 0x0000000414400000| Untracked 
|  82|0x0000000414800000, 0x0000000414bfe3f8, 0x0000000414c00000| 99%| O|  |TAMS 0x0000000414bfe3f8, 0x0000000414800000| Untracked 
|  83|0x0000000414c00000, 0x0000000414ffffc0, 0x0000000415000000| 99%| O|  |TAMS 0x0000000414ffffc0, 0x0000000414c00000| Untracked 
|  84|0x0000000415000000, 0x00000004153fec80, 0x0000000415400000| 99%| O|  |TAMS 0x00000004153fec80, 0x0000000415000000| Untracked 
|  85|0x0000000415400000, 0x00000004157ffcd8, 0x0000000415800000| 99%| O|  |TAMS 0x00000004157ffcd8, 0x0000000415400000| Untracked 
|  86|0x0000000415800000, 0x0000000415bfe428, 0x0000000415c00000| 99%| O|  |TAMS 0x0000000415bfe428, 0x0000000415800000| Untracked 
|  87|0x0000000415c00000, 0x0000000415ffff60, 0x0000000416000000| 99%| O|  |TAMS 0x0000000415ffff60, 0x0000000415c00000| Untracked 
|  88|0x0000000416000000, 0x00000004163fef80, 0x0000000416400000| 99%| O|  |TAMS 0x00000004163fef80, 0x0000000416000000| Untracked 
|  89|0x0000000416400000, 0x00000004167ff748, 0x0000000416800000| 99%| O|  |TAMS 0x00000004167ff748, 0x0000000416400000| Untracked 
|  90|0x0000000416800000, 0x0000000416bffff8, 0x0000000416c00000| 99%| O|  |TAMS 0x0000000416bffff8, 0x0000000416800000| Untracked 
|  91|0x0000000416c00000, 0x0000000416ffe990, 0x0000000417000000| 99%| O|  |TAMS 0x0000000416ffe990, 0x0000000416c00000| Untracked 
|  92|0x0000000417000000, 0x00000004173fec10, 0x0000000417400000| 99%| O|  |TAMS 0x00000004173fec10, 0x0000000417000000| Untracked 
|  93|0x0000000417400000, 0x00000004177ff7c0, 0x0000000417800000| 99%| O|  |TAMS 0x00000004177ff7c0, 0x0000000417400000| Untracked 
|  94|0x0000000417800000, 0x0000000417bfe870, 0x0000000417c00000| 99%| O|  |TAMS 0x0000000417bfe870, 0x0000000417800000| Untracked 
|  95|0x0000000417c00000, 0x0000000417fff4e8, 0x0000000418000000| 99%| O|  |TAMS 0x0000000417fff4e8, 0x0000000417c00000| Untracked 
|  96|0x0000000418000000, 0x00000004183ff830, 0x0000000418400000| 99%| O|  |TAMS 0x00000004183ff830, 0x0000000418000000| Untracked 
|  97|0x0000000418400000, 0x00000004187ffa80, 0x0000000418800000| 99%| O|  |TAMS 0x00000004187ffa80, 0x0000000418400000| Untracked 
|  98|0x0000000418800000, 0x0000000418bff918, 0x0000000418c00000| 99%| O|  |TAMS 0x0000000418bff918, 0x0000000418800000| Untracked 
|  99|0x0000000418c00000, 0x0000000418fffe38, 0x0000000419000000| 99%| O|  |TAMS 0x0000000418fffe38, 0x0000000418c00000| Untracked 
| 100|0x0000000419000000, 0x00000004193ff1c0, 0x0000000419400000| 99%| O|  |TAMS 0x00000004193ff1c0, 0x0000000419000000| Untracked 
| 101|0x0000000419400000, 0x00000004197fee08, 0x0000000419800000| 99%| O|  |TAMS 0x00000004197fee08, 0x0000000419400000| Untracked 
| 102|0x0000000419800000, 0x0000000419bff7d8, 0x0000000419c00000| 99%| O|  |TAMS 0x0000000419bff7d8, 0x0000000419800000| Untracked 
| 103|0x0000000419c00000, 0x0000000419ffffe8, 0x000000041a000000| 99%| O|  |TAMS 0x0000000419ffffe8, 0x0000000419c00000| Untracked 
| 104|0x000000041a000000, 0x000000041a3ff090, 0x000000041a400000| 99%| O|  |TAMS 0x000000041a3ff090, 0x000000041a000000| Untracked 
| 105|0x000000041a400000, 0x000000041a7fe7a8, 0x000000041a800000| 99%| O|  |TAMS 0x000000041a7fe7a8, 0x000000041a400000| Untracked 
| 106|0x000000041a800000, 0x000000041abff720, 0x000000041ac00000| 99%| O|  |TAMS 0x000000041abff720, 0x000000041a800000| Untracked 
| 107|0x000000041ac00000, 0x000000041affe718, 0x000000041b000000| 99%| O|  |TAMS 0x000000041affe718, 0x000000041ac00000| Untracked 
| 108|0x000000041b000000, 0x000000041b3fef08, 0x000000041b400000| 99%| O|  |TAMS 0x000000041b3fef08, 0x000000041b000000| Untracked 
| 109|0x000000041b400000, 0x000000041b7ff418, 0x000000041b800000| 99%| O|  |TAMS 0x000000041b7ff418, 0x000000041b400000| Untracked 
| 110|0x000000041b800000, 0x000000041bbffc80, 0x000000041bc00000| 99%| O|  |TAMS 0x000000041bbffc80, 0x000000041b800000| Untracked 
| 111|0x000000041bc00000, 0x000000041bffeb80, 0x000000041c000000| 99%| O|  |TAMS 0x000000041bffeb80, 0x000000041bc00000| Untracked 
| 112|0x000000041c000000, 0x000000041c3ff728, 0x000000041c400000| 99%| O|  |TAMS 0x000000041c3ff728, 0x000000041c000000| Untracked 
| 113|0x000000041c400000, 0x000000041c7ff588, 0x000000041c800000| 99%| O|  |TAMS 0x000000041c7ff588, 0x000000041c400000| Untracked 
| 114|0x000000041c800000, 0x000000041cbfff78, 0x000000041cc00000| 99%| O|  |TAMS 0x000000041cbfff78, 0x000000041c800000| Untracked 
| 115|0x000000041cc00000, 0x000000041cfffee8, 0x000000041d000000| 99%| O|  |TAMS 0x000000041cfffee8, 0x000000041cc00000| Untracked 
| 116|0x000000041d000000, 0x000000041d3ffff8, 0x000000041d400000| 99%| O|  |TAMS 0x000000041d3ffff8, 0x000000041d000000| Untracked 
| 117|0x000000041d400000, 0x000000041d7fefd8, 0x000000041d800000| 99%| O|  |TAMS 0x000000041d7fefd8, 0x000000041d400000| Untracked 
| 118|0x000000041d800000, 0x000000041dbfe1e8, 0x000000041dc00000| 99%| O|  |TAMS 0x000000041dbfe1e8, 0x000000041d800000| Untracked 
| 119|0x000000041dc00000, 0x000000041dffeb10, 0x000000041e000000| 99%| O|  |TAMS 0x000000041dffeb10, 0x000000041dc00000| Untracked 
| 120|0x000000041e000000, 0x000000041e3fe2b8, 0x000000041e400000| 99%| O|  |TAMS 0x000000041e3fe2b8, 0x000000041e000000| Untracked 
| 121|0x000000041e400000, 0x000000041e7ffc00, 0x000000041e800000| 99%| O|  |TAMS 0x000000041e7ffc00, 0x000000041e400000| Untracked 
| 122|0x000000041e800000, 0x000000041ebff998, 0x000000041ec00000| 99%| O|  |TAMS 0x000000041ebff998, 0x000000041e800000| Untracked 
| 123|0x000000041ec00000, 0x000000041efff0e8, 0x000000041f000000| 99%| O|  |TAMS 0x000000041efff0e8, 0x000000041ec00000| Untracked 
| 124|0x000000041f000000, 0x000000041f3ff838, 0x000000041f400000| 99%| O|  |TAMS 0x000000041f3ff838, 0x000000041f000000| Untracked 
| 125|0x000000041f400000, 0x000000041f7fe068, 0x000000041f800000| 99%| O|  |TAMS 0x000000041f7fe068, 0x000000041f400000| Untracked 
| 126|0x000000041f800000, 0x000000041fbfdff8, 0x000000041fc00000| 99%| O|  |TAMS 0x000000041fbfdff8, 0x000000041f800000| Untracked 
| 127|0x000000041fc00000, 0x000000041fffebd0, 0x0000000420000000| 99%| O|  |TAMS 0x000000041fffebd0, 0x000000041fc00000| Untracked 
| 128|0x0000000420000000, 0x00000004203fe938, 0x0000000420400000| 99%| O|  |TAMS 0x00000004203fe938, 0x0000000420000000| Untracked 
| 129|0x0000000420400000, 0x00000004207fffd8, 0x0000000420800000| 99%| O|  |TAMS 0x00000004207fffd8, 0x0000000420400000| Untracked 
| 130|0x0000000420800000, 0x0000000420bffff0, 0x0000000420c00000| 99%| O|  |TAMS 0x0000000420bffff0, 0x0000000420800000| Untracked 
| 131|0x0000000420c00000, 0x0000000420fff2b8, 0x0000000421000000| 99%| O|  |TAMS 0x0000000420fff2b8, 0x0000000420c00000| Untracked 
| 132|0x0000000421000000, 0x00000004213ff6d8, 0x0000000421400000| 99%| O|  |TAMS 0x00000004213ff6d8, 0x0000000421000000| Untracked 
| 133|0x0000000421400000, 0x0000000421800000, 0x0000000421800000|100%| O|  |TAMS 0x0000000421800000, 0x0000000421400000| Untracked 
| 134|0x0000000421800000, 0x0000000421bffbb8, 0x0000000421c00000| 99%| O|  |TAMS 0x0000000421bffbb8, 0x0000000421800000| Untracked 
| 135|0x0000000421c00000, 0x0000000421fff450, 0x0000000422000000| 99%| O|  |TAMS 0x0000000421fff450, 0x0000000421c00000| Untracked 
| 136|0x0000000422000000, 0x0000000422400000, 0x0000000422400000|100%| O|  |TAMS 0x0000000422400000, 0x0000000422000000| Untracked 
| 137|0x0000000422400000, 0x00000004227fecc0, 0x0000000422800000| 99%| O|  |TAMS 0x00000004227fecc0, 0x0000000422400000| Untracked 
| 138|0x0000000422800000, 0x0000000422bff7e0, 0x0000000422c00000| 99%| O|  |TAMS 0x0000000422bff7e0, 0x0000000422800000| Untracked 
| 139|0x0000000422c00000, 0x0000000422ffed28, 0x0000000423000000| 99%| O|  |TAMS 0x0000000422ffed28, 0x0000000422c00000| Untracked 
| 140|0x0000000423000000, 0x00000004233ffff8, 0x0000000423400000| 99%| O|  |TAMS 0x00000004233ffff8, 0x0000000423000000| Untracked 
| 141|0x0000000423400000, 0x00000004237fe7e0, 0x0000000423800000| 99%| O|  |TAMS 0x00000004237fe7e0, 0x0000000423400000| Untracked 
| 142|0x0000000423800000, 0x0000000423bfed80, 0x0000000423c00000| 99%| O|  |TAMS 0x0000000423bfed80, 0x0000000423800000| Untracked 
| 143|0x0000000423c00000, 0x0000000423fffff0, 0x0000000424000000| 99%| O|  |TAMS 0x0000000423fffff0, 0x0000000423c00000| Untracked 
| 144|0x0000000424000000, 0x00000004243ffff8, 0x0000000424400000| 99%| O|  |TAMS 0x00000004243ffff8, 0x0000000424000000| Untracked 
| 145|0x0000000424400000, 0x00000004247fffd8, 0x0000000424800000| 99%| O|  |TAMS 0x00000004247fffd8, 0x0000000424400000| Untracked 
| 146|0x0000000424800000, 0x0000000424bffff8, 0x0000000424c00000| 99%| O|  |TAMS 0x0000000424bffff8, 0x0000000424800000| Untracked 
| 147|0x0000000424c00000, 0x0000000425000000, 0x0000000425000000|100%| O|  |TAMS 0x0000000425000000, 0x0000000424c00000| Untracked 
| 148|0x0000000425000000, 0x00000004253ffff0, 0x0000000425400000| 99%| O|  |TAMS 0x00000004253ffff0, 0x0000000425000000| Untracked 
| 149|0x0000000425400000, 0x00000004257fff00, 0x0000000425800000| 99%| O|  |TAMS 0x00000004257fff00, 0x0000000425400000| Untracked 
| 150|0x0000000425800000, 0x0000000425bffb48, 0x0000000425c00000| 99%| O|  |TAMS 0x0000000425bffb48, 0x0000000425800000| Untracked 
| 151|0x0000000425c00000, 0x0000000425fffff8, 0x0000000426000000| 99%| O|  |TAMS 0x0000000425fffff8, 0x0000000425c00000| Untracked 
| 152|0x0000000426000000, 0x00000004263ffff8, 0x0000000426400000| 99%| O|  |TAMS 0x00000004263ffff8, 0x0000000426000000| Untracked 
| 153|0x0000000426400000, 0x00000004267ffff0, 0x0000000426800000| 99%| O|  |TAMS 0x00000004267ffff0, 0x0000000426400000| Untracked 
| 154|0x0000000426800000, 0x0000000426c00000, 0x0000000426c00000|100%| O|  |TAMS 0x0000000426c00000, 0x0000000426800000| Untracked 
| 155|0x0000000426c00000, 0x0000000426fffff0, 0x0000000427000000| 99%| O|  |TAMS 0x0000000426fffff0, 0x0000000426c00000| Untracked 
| 156|0x0000000427000000, 0x00000004273ffcd0, 0x0000000427400000| 99%| O|  |TAMS 0x00000004273ffcd0, 0x0000000427000000| Untracked 
| 157|0x0000000427400000, 0x0000000427800000, 0x0000000427800000|100%| O|  |TAMS 0x0000000427800000, 0x0000000427400000| Untracked 
| 158|0x0000000427800000, 0x0000000427bffff0, 0x0000000427c00000| 99%| O|  |TAMS 0x0000000427bffff0, 0x0000000427800000| Untracked 
| 159|0x0000000427c00000, 0x0000000427fffff8, 0x0000000428000000| 99%| O|  |TAMS 0x0000000427fffff8, 0x0000000427c00000| Untracked 
| 160|0x0000000428000000, 0x00000004283ff658, 0x0000000428400000| 99%| O|  |TAMS 0x00000004283ff658, 0x0000000428000000| Untracked 
| 161|0x0000000428400000, 0x0000000428778ac8, 0x0000000428800000| 86%| O|  |TAMS 0x0000000428778ac8, 0x0000000428400000| Untracked 
| 162|0x0000000428800000, 0x0000000428b0c998, 0x0000000428c00000| 76%| O|  |TAMS 0x0000000428b0c998, 0x0000000428800000| Untracked 
| 163|0x0000000428c00000, 0x0000000428ffdeb0, 0x0000000429000000| 99%| O|  |TAMS 0x0000000428ffdeb0, 0x0000000428c00000| Untracked 
| 164|0x0000000429000000, 0x0000000429400000, 0x0000000429400000|100%| O|  |TAMS 0x0000000429400000, 0x0000000429000000| Untracked 
| 165|0x0000000429400000, 0x0000000429800000, 0x0000000429800000|100%| O|  |TAMS 0x0000000429800000, 0x0000000429400000| Untracked 
| 166|0x0000000429800000, 0x0000000429b76148, 0x0000000429c00000| 86%| O|  |TAMS 0x0000000429b76148, 0x0000000429800000| Untracked 
| 167|0x0000000429c00000, 0x0000000429e7fbd0, 0x000000042a000000| 62%| O|  |TAMS 0x0000000429e7fbd0, 0x0000000429c00000| Untracked 
| 168|0x000000042a000000, 0x000000042a3fc788, 0x000000042a400000| 99%| O|  |TAMS 0x000000042a3fc788, 0x000000042a000000| Untracked 
| 169|0x000000042a400000, 0x000000042a730730, 0x000000042a800000| 79%| O|  |TAMS 0x000000042a730730, 0x000000042a400000| Untracked 
| 170|0x000000042a800000, 0x000000042ab797b0, 0x000000042ac00000| 86%| O|  |TAMS 0x000000042ab797b0, 0x000000042a800000| Untracked 
| 171|0x000000042ac00000, 0x000000042aeabca8, 0x000000042b000000| 66%| O|  |TAMS 0x000000042aeabca8, 0x000000042ac00000| Untracked 
| 172|0x000000042b000000, 0x000000042b1962b0, 0x000000042b400000| 39%| O|  |TAMS 0x000000042b1962b0, 0x000000042b000000| Untracked 
| 173|0x000000042b400000, 0x000000042b800000, 0x000000042b800000|100%| O|  |TAMS 0x000000042b800000, 0x000000042b400000| Untracked 
| 174|0x000000042b800000, 0x000000042bc00000, 0x000000042bc00000|100%| O|  |TAMS 0x000000042bc00000, 0x000000042b800000| Untracked 
| 175|0x000000042bc00000, 0x000000042c000000, 0x000000042c000000|100%| O|  |TAMS 0x000000042bc00000, 0x000000042bc00000| Untracked 
| 176|0x000000042c000000, 0x000000042c400000, 0x000000042c400000|100%| O|  |TAMS 0x000000042c000000, 0x000000042c000000| Untracked 
| 177|0x000000042c400000, 0x000000042c800000, 0x000000042c800000|100%| O|  |TAMS 0x000000042c400000, 0x000000042c400000| Untracked 
| 178|0x000000042c800000, 0x000000042cc00000, 0x000000042cc00000|100%| O|  |TAMS 0x000000042cc00000, 0x000000042c800000| Untracked 
| 179|0x000000042cc00000, 0x000000042d000000, 0x000000042d000000|100%|HS|  |TAMS 0x000000042cc00000, 0x000000042cc00000| Complete 
| 180|0x000000042d000000, 0x000000042d400000, 0x000000042d400000|100%|HC|  |TAMS 0x000000042d000000, 0x000000042d000000| Complete 
| 181|0x000000042d400000, 0x000000042d800000, 0x000000042d800000|100%| O|  |TAMS 0x000000042d800000, 0x000000042d400000| Untracked 
| 182|0x000000042d800000, 0x000000042dc00000, 0x000000042dc00000|100%| O|  |TAMS 0x000000042dc00000, 0x000000042d800000| Untracked 
| 183|0x000000042dc00000, 0x000000042e000000, 0x000000042e000000|100%|HS|  |TAMS 0x000000042dc00000, 0x000000042dc00000| Complete 
| 184|0x000000042e000000, 0x000000042e400000, 0x000000042e400000|100%|HC|  |TAMS 0x000000042e000000, 0x000000042e000000| Complete 
| 185|0x000000042e400000, 0x000000042e800000, 0x000000042e800000|100%|HC|  |TAMS 0x000000042e400000, 0x000000042e400000| Complete 
| 186|0x000000042e800000, 0x000000042ec00000, 0x000000042ec00000|100%|HS|  |TAMS 0x000000042ec00000, 0x000000042e800000| Complete 
| 187|0x000000042ec00000, 0x000000042f000000, 0x000000042f000000|100%|HC|  |TAMS 0x000000042f000000, 0x000000042ec00000| Complete 
| 188|0x000000042f000000, 0x000000042f400000, 0x000000042f400000|100%| O|  |TAMS 0x000000042f400000, 0x000000042f000000| Untracked 
| 189|0x000000042f400000, 0x000000042f800000, 0x000000042f800000|100%| O|  |TAMS 0x000000042f800000, 0x000000042f400000| Untracked 
| 190|0x000000042f800000, 0x000000042fc00000, 0x000000042fc00000|100%| O|  |TAMS 0x000000042f800000, 0x000000042f800000| Untracked 
| 191|0x000000042fc00000, 0x0000000430000000, 0x0000000430000000|100%| O|  |TAMS 0x0000000430000000, 0x000000042fc00000| Untracked 
| 192|0x0000000430000000, 0x0000000430400000, 0x0000000430400000|100%| O|  |TAMS 0x0000000430400000, 0x0000000430000000| Untracked 
| 193|0x0000000430400000, 0x0000000430800000, 0x0000000430800000|100%| O|  |TAMS 0x0000000430400000, 0x0000000430400000| Untracked 
| 194|0x0000000430800000, 0x0000000430c00000, 0x0000000430c00000|100%| O|  |TAMS 0x0000000430c00000, 0x0000000430800000| Untracked 
| 195|0x0000000430c00000, 0x0000000431000000, 0x0000000431000000|100%|HS|  |TAMS 0x0000000430c00000, 0x0000000430c00000| Complete 
| 196|0x0000000431000000, 0x0000000431400000, 0x0000000431400000|100%|HC|  |TAMS 0x0000000431000000, 0x0000000431000000| Complete 
| 197|0x0000000431400000, 0x0000000431800000, 0x0000000431800000|100%|HC|  |TAMS 0x0000000431400000, 0x0000000431400000| Complete 
| 198|0x0000000431800000, 0x0000000431c00000, 0x0000000431c00000|100%|HS|  |TAMS 0x0000000431c00000, 0x0000000431800000| Complete 
| 199|0x0000000431c00000, 0x0000000432000000, 0x0000000432000000|100%|HC|  |TAMS 0x0000000432000000, 0x0000000431c00000| Complete 
| 200|0x0000000432000000, 0x0000000432400000, 0x0000000432400000|100%|HC|  |TAMS 0x0000000432400000, 0x0000000432000000| Complete 
| 201|0x0000000432400000, 0x0000000432800000, 0x0000000432800000|100%| O|  |TAMS 0x0000000432400000, 0x0000000432400000| Untracked 
| 202|0x0000000432800000, 0x0000000432c00000, 0x0000000432c00000|100%| O|  |TAMS 0x0000000432800000, 0x0000000432800000| Untracked 
| 203|0x0000000432c00000, 0x0000000433000000, 0x0000000433000000|100%| O|  |TAMS 0x0000000432c00000, 0x0000000432c00000| Untracked 
| 204|0x0000000433000000, 0x0000000433400000, 0x0000000433400000|100%| O|  |TAMS 0x0000000433400000, 0x0000000433000000| Untracked 
| 205|0x0000000433400000, 0x0000000433800000, 0x0000000433800000|100%|HS|  |TAMS 0x0000000433800000, 0x0000000433400000| Complete 
| 206|0x0000000433800000, 0x0000000433c00000, 0x0000000433c00000|100%|HC|  |TAMS 0x0000000433c00000, 0x0000000433800000| Complete 
| 207|0x0000000433c00000, 0x0000000434000000, 0x0000000434000000|100%|HS|  |TAMS 0x0000000434000000, 0x0000000433c00000| Complete 
| 208|0x0000000434000000, 0x0000000434400000, 0x0000000434400000|100%|HC|  |TAMS 0x0000000434400000, 0x0000000434000000| Complete 
| 209|0x0000000434400000, 0x0000000434800000, 0x0000000434800000|100%|HC|  |TAMS 0x0000000434800000, 0x0000000434400000| Complete 
| 210|0x0000000434800000, 0x0000000434c00000, 0x0000000434c00000|100%|HS|  |TAMS 0x0000000434c00000, 0x0000000434800000| Complete 
| 211|0x0000000434c00000, 0x0000000435000000, 0x0000000435000000|100%|HC|  |TAMS 0x0000000435000000, 0x0000000434c00000| Complete 
| 212|0x0000000435000000, 0x0000000435400000, 0x0000000435400000|100%|HC|  |TAMS 0x0000000435400000, 0x0000000435000000| Complete 
| 213|0x0000000435400000, 0x0000000435800000, 0x0000000435800000|100%| O|  |TAMS 0x0000000435400000, 0x0000000435400000| Untracked 
| 214|0x0000000435800000, 0x0000000435c00000, 0x0000000435c00000|100%|HS|  |TAMS 0x0000000435c00000, 0x0000000435800000| Complete 
| 215|0x0000000435c00000, 0x0000000436000000, 0x0000000436000000|100%|HC|  |TAMS 0x0000000436000000, 0x0000000435c00000| Complete 
| 216|0x0000000436000000, 0x0000000436400000, 0x0000000436400000|100%|HC|  |TAMS 0x0000000436400000, 0x0000000436000000| Complete 
| 217|0x0000000436400000, 0x0000000436800000, 0x0000000436800000|100%|HS|  |TAMS 0x0000000436800000, 0x0000000436400000| Complete 
| 218|0x0000000436800000, 0x0000000436c00000, 0x0000000436c00000|100%|HC|  |TAMS 0x0000000436c00000, 0x0000000436800000| Complete 
| 219|0x0000000436c00000, 0x0000000437000000, 0x0000000437000000|100%| O|  |TAMS 0x0000000436c00000, 0x0000000436c00000| Untracked 
| 220|0x0000000437000000, 0x0000000437400000, 0x0000000437400000|100%|HS|  |TAMS 0x0000000437400000, 0x0000000437000000| Complete 
| 221|0x0000000437400000, 0x0000000437800000, 0x0000000437800000|100%|HC|  |TAMS 0x0000000437800000, 0x0000000437400000| Complete 
| 222|0x0000000437800000, 0x0000000437c00000, 0x0000000437c00000|100%|HS|  |TAMS 0x0000000437800000, 0x0000000437800000| Complete 
| 223|0x0000000437c00000, 0x0000000438000000, 0x0000000438000000|100%|HC|  |TAMS 0x0000000437c00000, 0x0000000437c00000| Complete 
| 224|0x0000000438000000, 0x0000000438400000, 0x0000000438400000|100%|HC|  |TAMS 0x0000000438000000, 0x0000000438000000| Complete 
| 225|0x0000000438400000, 0x0000000438800000, 0x0000000438800000|100%| O|  |TAMS 0x0000000438400000, 0x0000000438400000| Untracked 
| 226|0x0000000438800000, 0x0000000438c00000, 0x0000000438c00000|100%|HS|  |TAMS 0x0000000438c00000, 0x0000000438800000| Complete 
| 227|0x0000000438c00000, 0x0000000439000000, 0x0000000439000000|100%|HC|  |TAMS 0x0000000439000000, 0x0000000438c00000| Complete 
| 228|0x0000000439000000, 0x0000000439400000, 0x0000000439400000|100%| O|  |TAMS 0x0000000439400000, 0x0000000439000000| Untracked 
| 229|0x0000000439400000, 0x0000000439800000, 0x0000000439800000|100%|HS|  |TAMS 0x0000000439400000, 0x0000000439400000| Complete 
| 230|0x0000000439800000, 0x0000000439c00000, 0x0000000439c00000|100%|HC|  |TAMS 0x0000000439800000, 0x0000000439800000| Complete 
| 231|0x0000000439c00000, 0x000000043a000000, 0x000000043a000000|100%|HC|  |TAMS 0x0000000439c00000, 0x0000000439c00000| Complete 
| 232|0x000000043a000000, 0x000000043a400000, 0x000000043a400000|100%| O|  |TAMS 0x000000043a400000, 0x000000043a000000| Untracked 
| 233|0x000000043a400000, 0x000000043a800000, 0x000000043a800000|100%| O|  |TAMS 0x000000043a400000, 0x000000043a400000| Untracked 
| 234|0x000000043a800000, 0x000000043ac00000, 0x000000043ac00000|100%| O|  |TAMS 0x000000043a800000, 0x000000043a800000| Untracked 
| 235|0x000000043ac00000, 0x000000043b000000, 0x000000043b000000|100%| O|  |TAMS 0x000000043b000000, 0x000000043ac00000| Untracked 
| 236|0x000000043b000000, 0x000000043b400000, 0x000000043b400000|100%|HS|  |TAMS 0x000000043b000000, 0x000000043b000000| Complete 
| 237|0x000000043b400000, 0x000000043b800000, 0x000000043b800000|100%|HC|  |TAMS 0x000000043b400000, 0x000000043b400000| Complete 
| 238|0x000000043b800000, 0x000000043bc00000, 0x000000043bc00000|100%|HC|  |TAMS 0x000000043b800000, 0x000000043b800000| Complete 
| 239|0x000000043bc00000, 0x000000043c000000, 0x000000043c000000|100%| O|  |TAMS 0x000000043bc00000, 0x000000043bc00000| Untracked 
| 240|0x000000043c000000, 0x000000043c400000, 0x000000043c400000|100%| O|  |TAMS 0x000000043c000000, 0x000000043c000000| Untracked 
| 241|0x000000043c400000, 0x000000043c800000, 0x000000043c800000|100%| O|  |TAMS 0x000000043c800000, 0x000000043c400000| Untracked 
| 242|0x000000043c800000, 0x000000043cc00000, 0x000000043cc00000|100%| O|  |TAMS 0x000000043cc00000, 0x000000043c800000| Untracked 
| 243|0x000000043cc00000, 0x000000043d000000, 0x000000043d000000|100%|HS|  |TAMS 0x000000043cc00000, 0x000000043cc00000| Complete 
| 244|0x000000043d000000, 0x000000043d400000, 0x000000043d400000|100%|HC|  |TAMS 0x000000043d000000, 0x000000043d000000| Complete 
| 245|0x000000043d400000, 0x000000043d800000, 0x000000043d800000|100%|HC|  |TAMS 0x000000043d400000, 0x000000043d400000| Complete 
| 246|0x000000043d800000, 0x000000043dc00000, 0x000000043dc00000|100%| O|  |TAMS 0x000000043dc00000, 0x000000043d800000| Untracked 
| 247|0x000000043dc00000, 0x000000043e000000, 0x000000043e000000|100%| O|  |TAMS 0x000000043e000000, 0x000000043dc00000| Untracked 
| 248|0x000000043e000000, 0x000000043e400000, 0x000000043e400000|100%| O|  |TAMS 0x000000043e000000, 0x000000043e000000| Untracked 
| 249|0x000000043e400000, 0x000000043e800000, 0x000000043e800000|100%| O|  |TAMS 0x000000043e400000, 0x000000043e400000| Untracked 
| 250|0x000000043e800000, 0x000000043ec00000, 0x000000043ec00000|100%| O|  |TAMS 0x000000043ec00000, 0x000000043e800000| Untracked 
| 251|0x000000043ec00000, 0x000000043f000000, 0x000000043f000000|100%|HS|  |TAMS 0x000000043ec00000, 0x000000043ec00000| Complete 
| 252|0x000000043f000000, 0x000000043f400000, 0x000000043f400000|100%|HC|  |TAMS 0x000000043f000000, 0x000000043f000000| Complete 
| 253|0x000000043f400000, 0x000000043f800000, 0x000000043f800000|100%|HC|  |TAMS 0x000000043f400000, 0x000000043f400000| Complete 
| 254|0x000000043f800000, 0x000000043fc00000, 0x000000043fc00000|100%|HS|  |TAMS 0x000000043fc00000, 0x000000043f800000| Complete 
| 255|0x000000043fc00000, 0x0000000440000000, 0x0000000440000000|100%|HC|  |TAMS 0x0000000440000000, 0x000000043fc00000| Complete 
| 256|0x0000000440000000, 0x0000000440400000, 0x0000000440400000|100%|HC|  |TAMS 0x0000000440400000, 0x0000000440000000| Complete 
| 257|0x0000000440400000, 0x0000000440800000, 0x0000000440800000|100%|HS|  |TAMS 0x0000000440800000, 0x0000000440400000| Complete 
| 258|0x0000000440800000, 0x0000000440c00000, 0x0000000440c00000|100%|HC|  |TAMS 0x0000000440c00000, 0x0000000440800000| Complete 
| 259|0x0000000440c00000, 0x0000000441000000, 0x0000000441000000|100%| O|  |TAMS 0x0000000440c00000, 0x0000000440c00000| Untracked 
| 260|0x0000000441000000, 0x0000000441400000, 0x0000000441400000|100%| O|  |TAMS 0x0000000441000000, 0x0000000441000000| Untracked 
| 261|0x0000000441400000, 0x0000000441800000, 0x0000000441800000|100%| O|  |TAMS 0x0000000441800000, 0x0000000441400000| Untracked 
| 262|0x0000000441800000, 0x0000000441c00000, 0x0000000441c00000|100%|HS|  |TAMS 0x0000000441c00000, 0x0000000441800000| Complete 
| 263|0x0000000441c00000, 0x0000000442000000, 0x0000000442000000|100%|HC|  |TAMS 0x0000000442000000, 0x0000000441c00000| Complete 
| 264|0x0000000442000000, 0x0000000442400000, 0x0000000442400000|100%|HC|  |TAMS 0x0000000442400000, 0x0000000442000000| Complete 
| 265|0x0000000442400000, 0x0000000442800000, 0x0000000442800000|100%|HS|  |TAMS 0x0000000442800000, 0x0000000442400000| Complete 
| 266|0x0000000442800000, 0x0000000442c00000, 0x0000000442c00000|100%|HC|  |TAMS 0x0000000442c00000, 0x0000000442800000| Complete 
| 267|0x0000000442c00000, 0x0000000443000000, 0x0000000443000000|100%|HC|  |TAMS 0x0000000443000000, 0x0000000442c00000| Complete 
| 268|0x0000000443000000, 0x0000000443400000, 0x0000000443400000|100%|HS|  |TAMS 0x0000000443400000, 0x0000000443000000| Complete 
| 269|0x0000000443400000, 0x0000000443800000, 0x0000000443800000|100%|HC|  |TAMS 0x0000000443800000, 0x0000000443400000| Complete 
| 270|0x0000000443800000, 0x0000000443c00000, 0x0000000443c00000|100%|HS|  |TAMS 0x0000000443800000, 0x0000000443800000| Complete 
| 271|0x0000000443c00000, 0x0000000444000000, 0x0000000444000000|100%|HC|  |TAMS 0x0000000443c00000, 0x0000000443c00000| Complete 
| 272|0x0000000444000000, 0x0000000444400000, 0x0000000444400000|100%|HC|  |TAMS 0x0000000444000000, 0x0000000444000000| Complete 
| 273|0x0000000444400000, 0x0000000444800000, 0x0000000444800000|100%| O|  |TAMS 0x0000000444800000, 0x0000000444400000| Untracked 
| 274|0x0000000444800000, 0x0000000444c00000, 0x0000000444c00000|100%|HS|  |TAMS 0x0000000444c00000, 0x0000000444800000| Complete 
| 275|0x0000000444c00000, 0x0000000445000000, 0x0000000445000000|100%|HC|  |TAMS 0x0000000445000000, 0x0000000444c00000| Complete 
| 276|0x0000000445000000, 0x0000000445400000, 0x0000000445400000|100%|HS|  |TAMS 0x0000000445000000, 0x0000000445000000| Complete 
| 277|0x0000000445400000, 0x0000000445800000, 0x0000000445800000|100%|HC|  |TAMS 0x0000000445400000, 0x0000000445400000| Complete 
| 278|0x0000000445800000, 0x0000000445c00000, 0x0000000445c00000|100%|HC|  |TAMS 0x0000000445800000, 0x0000000445800000| Complete 
| 279|0x0000000445c00000, 0x0000000446000000, 0x0000000446000000|100%|HS|  |TAMS 0x0000000446000000, 0x0000000445c00000| Complete 
| 280|0x0000000446000000, 0x0000000446400000, 0x0000000446400000|100%|HC|  |TAMS 0x0000000446400000, 0x0000000446000000| Complete 
| 281|0x0000000446400000, 0x0000000446800000, 0x0000000446800000|100%|HC|  |TAMS 0x0000000446800000, 0x0000000446400000| Complete 
| 282|0x0000000446800000, 0x0000000446c00000, 0x0000000446c00000|100%| O|  |TAMS 0x0000000446800000, 0x0000000446800000| Untracked 
| 283|0x0000000446c00000, 0x0000000447000000, 0x0000000447000000|100%| O|  |TAMS 0x0000000446c00000, 0x0000000446c00000| Untracked 
| 284|0x0000000447000000, 0x0000000447400000, 0x0000000447400000|100%|HS|  |TAMS 0x0000000447400000, 0x0000000447000000| Complete 
| 285|0x0000000447400000, 0x0000000447800000, 0x0000000447800000|100%|HC|  |TAMS 0x0000000447800000, 0x0000000447400000| Complete 
| 286|0x0000000447800000, 0x0000000447c00000, 0x0000000447c00000|100%|HS|  |TAMS 0x0000000447800000, 0x0000000447800000| Complete 
| 287|0x0000000447c00000, 0x0000000448000000, 0x0000000448000000|100%|HC|  |TAMS 0x0000000447c00000, 0x0000000447c00000| Complete 
| 288|0x0000000448000000, 0x0000000448400000, 0x0000000448400000|100%|HC|  |TAMS 0x0000000448000000, 0x0000000448000000| Complete 
| 289|0x0000000448400000, 0x0000000448800000, 0x0000000448800000|100%| O|  |TAMS 0x0000000448400000, 0x0000000448400000| Untracked 
| 290|0x0000000448800000, 0x0000000448c00000, 0x0000000448c00000|100%| O|  |TAMS 0x0000000448800000, 0x0000000448800000| Untracked 
| 291|0x0000000448c00000, 0x0000000449000000, 0x0000000449000000|100%| O|  |TAMS 0x0000000449000000, 0x0000000448c00000| Untracked 
| 292|0x0000000449000000, 0x0000000449400000, 0x0000000449400000|100%|HS|  |TAMS 0x0000000449000000, 0x0000000449000000| Complete 
| 293|0x0000000449400000, 0x0000000449800000, 0x0000000449800000|100%|HC|  |TAMS 0x0000000449400000, 0x0000000449400000| Complete 
| 294|0x0000000449800000, 0x0000000449c00000, 0x0000000449c00000|100%|HC|  |TAMS 0x0000000449800000, 0x0000000449800000| Complete 
| 295|0x0000000449c00000, 0x000000044a000000, 0x000000044a000000|100%|HS|  |TAMS 0x0000000449c00000, 0x0000000449c00000| Complete 
| 296|0x000000044a000000, 0x000000044a400000, 0x000000044a400000|100%|HC|  |TAMS 0x000000044a000000, 0x000000044a000000| Complete 
| 297|0x000000044a400000, 0x000000044a800000, 0x000000044a800000|100%|HC|  |TAMS 0x000000044a400000, 0x000000044a400000| Complete 
| 298|0x000000044a800000, 0x000000044ac00000, 0x000000044ac00000|100%|HS|  |TAMS 0x000000044a800000, 0x000000044a800000| Complete 
| 299|0x000000044ac00000, 0x000000044b000000, 0x000000044b000000|100%|HC|  |TAMS 0x000000044ac00000, 0x000000044ac00000| Complete 
| 300|0x000000044b000000, 0x000000044b400000, 0x000000044b400000|100%|HC|  |TAMS 0x000000044b000000, 0x000000044b000000| Complete 
| 301|0x000000044b400000, 0x000000044b800000, 0x000000044b800000|100%|HS|  |TAMS 0x000000044b400000, 0x000000044b400000| Complete 
| 302|0x000000044b800000, 0x000000044bc00000, 0x000000044bc00000|100%|HC|  |TAMS 0x000000044b800000, 0x000000044b800000| Complete 
| 303|0x000000044bc00000, 0x000000044c000000, 0x000000044c000000|100%|HC|  |TAMS 0x000000044bc00000, 0x000000044bc00000| Complete 
| 304|0x000000044c000000, 0x000000044c400000, 0x000000044c400000|100%|HS|  |TAMS 0x000000044c000000, 0x000000044c000000| Complete 
| 305|0x000000044c400000, 0x000000044c800000, 0x000000044c800000|100%|HC|  |TAMS 0x000000044c400000, 0x000000044c400000| Complete 
| 306|0x000000044c800000, 0x000000044cc00000, 0x000000044cc00000|100%|HC|  |TAMS 0x000000044c800000, 0x000000044c800000| Complete 
| 307|0x000000044cc00000, 0x000000044d000000, 0x000000044d000000|100%| O|  |TAMS 0x000000044cc00000, 0x000000044cc00000| Untracked 
| 308|0x000000044d000000, 0x000000044d400000, 0x000000044d400000|100%| O|  |TAMS 0x000000044d000000, 0x000000044d000000| Untracked 
| 309|0x000000044d400000, 0x000000044d800000, 0x000000044d800000|100%|HS|  |TAMS 0x000000044d800000, 0x000000044d400000| Complete 
| 310|0x000000044d800000, 0x000000044dc00000, 0x000000044dc00000|100%|HC|  |TAMS 0x000000044dc00000, 0x000000044d800000| Complete 
| 311|0x000000044dc00000, 0x000000044e000000, 0x000000044e000000|100%|HC|  |TAMS 0x000000044e000000, 0x000000044dc00000| Complete 
| 312|0x000000044e000000, 0x000000044e400000, 0x000000044e400000|100%| O|  |TAMS 0x000000044e000000, 0x000000044e000000| Untracked 
| 313|0x000000044e400000, 0x000000044e800000, 0x000000044e800000|100%| O|  |TAMS 0x000000044e400000, 0x000000044e400000| Untracked 
| 314|0x000000044e800000, 0x000000044ec00000, 0x000000044ec00000|100%| O|  |TAMS 0x000000044e800000, 0x000000044e800000| Untracked 
| 315|0x000000044ec00000, 0x000000044f000000, 0x000000044f000000|100%| O|  |TAMS 0x000000044ec00000, 0x000000044ec00000| Untracked 
| 316|0x000000044f000000, 0x000000044f400000, 0x000000044f400000|100%| O|  |TAMS 0x000000044f000000, 0x000000044f000000| Untracked 
| 317|0x000000044f400000, 0x000000044f800000, 0x000000044f800000|100%| O|  |TAMS 0x000000044f400000, 0x000000044f400000| Untracked 
| 318|0x000000044f800000, 0x000000044fc00000, 0x000000044fc00000|100%| O|  |TAMS 0x000000044f800000, 0x000000044f800000| Untracked 
| 319|0x000000044fc00000, 0x0000000450000000, 0x0000000450000000|100%| O|  |TAMS 0x000000044fc00000, 0x000000044fc00000| Untracked 
| 320|0x0000000450000000, 0x0000000450400000, 0x0000000450400000|100%| O|  |TAMS 0x0000000450400000, 0x0000000450000000| Untracked 
| 321|0x0000000450400000, 0x0000000450800000, 0x0000000450800000|100%|HS|  |TAMS 0x0000000450800000, 0x0000000450400000| Complete 
| 322|0x0000000450800000, 0x0000000450c00000, 0x0000000450c00000|100%|HC|  |TAMS 0x0000000450c00000, 0x0000000450800000| Complete 
| 323|0x0000000450c00000, 0x0000000451000000, 0x0000000451000000|100%|HC|  |TAMS 0x0000000451000000, 0x0000000450c00000| Complete 
| 324|0x0000000451000000, 0x0000000451400000, 0x0000000451400000|100%| O|  |TAMS 0x0000000451000000, 0x0000000451000000| Untracked 
| 325|0x0000000451400000, 0x0000000451800000, 0x0000000451800000|100%| O|  |TAMS 0x0000000451400000, 0x0000000451400000| Untracked 
| 326|0x0000000451800000, 0x0000000451c00000, 0x0000000451c00000|100%| O|  |TAMS 0x0000000451800000, 0x0000000451800000| Untracked 
| 327|0x0000000451c00000, 0x0000000452000000, 0x0000000452000000|100%|HS|  |TAMS 0x0000000452000000, 0x0000000451c00000| Complete 
| 328|0x0000000452000000, 0x0000000452400000, 0x0000000452400000|100%|HC|  |TAMS 0x0000000452400000, 0x0000000452000000| Complete 
| 329|0x0000000452400000, 0x0000000452800000, 0x0000000452800000|100%|HC|  |TAMS 0x0000000452800000, 0x0000000452400000| Complete 
| 330|0x0000000452800000, 0x0000000452c00000, 0x0000000452c00000|100%| O|  |TAMS 0x0000000452800000, 0x0000000452800000| Untracked 
| 331|0x0000000452c00000, 0x0000000453000000, 0x0000000453000000|100%| O|  |TAMS 0x0000000452c00000, 0x0000000452c00000| Untracked 
| 332|0x0000000453000000, 0x0000000453400000, 0x0000000453400000|100%| O|  |TAMS 0x0000000453000000, 0x0000000453000000| Untracked 
| 333|0x0000000453400000, 0x0000000453800000, 0x0000000453800000|100%|HS|  |TAMS 0x0000000453800000, 0x0000000453400000| Complete 
| 334|0x0000000453800000, 0x0000000453c00000, 0x0000000453c00000|100%|HC|  |TAMS 0x0000000453c00000, 0x0000000453800000| Complete 
| 335|0x0000000453c00000, 0x0000000454000000, 0x0000000454000000|100%| O|  |TAMS 0x0000000454000000, 0x0000000453c00000| Untracked 
| 336|0x0000000454000000, 0x0000000454400000, 0x0000000454400000|100%|HS|  |TAMS 0x0000000454400000, 0x0000000454000000| Complete 
| 337|0x0000000454400000, 0x0000000454800000, 0x0000000454800000|100%|HC|  |TAMS 0x0000000454800000, 0x0000000454400000| Complete 
| 338|0x0000000454800000, 0x0000000454c00000, 0x0000000454c00000|100%| O|  |TAMS 0x0000000454c00000, 0x0000000454800000| Untracked 
| 339|0x0000000454c00000, 0x0000000455000000, 0x0000000455000000|100%| O|  |TAMS 0x0000000454c00000, 0x0000000454c00000| Untracked 
| 340|0x0000000455000000, 0x0000000455400000, 0x0000000455400000|100%| O|  |TAMS 0x0000000455000000, 0x0000000455000000| Untracked 
| 341|0x0000000455400000, 0x0000000455800000, 0x0000000455800000|100%| O|  |TAMS 0x0000000455400000, 0x0000000455400000| Untracked 
| 342|0x0000000455800000, 0x0000000455c00000, 0x0000000455c00000|100%|HS|  |TAMS 0x0000000455c00000, 0x0000000455800000| Complete 
| 343|0x0000000455c00000, 0x0000000456000000, 0x0000000456000000|100%|HC|  |TAMS 0x0000000456000000, 0x0000000455c00000| Complete 
| 344|0x0000000456000000, 0x0000000456400000, 0x0000000456400000|100%| O|  |TAMS 0x0000000456000000, 0x0000000456000000| Untracked 
| 345|0x0000000456400000, 0x0000000456800000, 0x0000000456800000|100%| O|  |TAMS 0x0000000456400000, 0x0000000456400000| Untracked 
| 346|0x0000000456800000, 0x0000000456c00000, 0x0000000456c00000|100%| O|  |TAMS 0x0000000456800000, 0x0000000456800000| Untracked 
| 347|0x0000000456c00000, 0x0000000457000000, 0x0000000457000000|100%| O|  |TAMS 0x0000000456c00000, 0x0000000456c00000| Untracked 
| 348|0x0000000457000000, 0x0000000457400000, 0x0000000457400000|100%| O|  |TAMS 0x0000000457400000, 0x0000000457000000| Untracked 
| 349|0x0000000457400000, 0x0000000457800000, 0x0000000457800000|100%|HS|  |TAMS 0x0000000457800000, 0x0000000457400000| Complete 
| 350|0x0000000457800000, 0x0000000457c00000, 0x0000000457c00000|100%|HC|  |TAMS 0x0000000457c00000, 0x0000000457800000| Complete 
| 351|0x0000000457c00000, 0x0000000458000000, 0x0000000458000000|100%|HC|  |TAMS 0x0000000458000000, 0x0000000457c00000| Complete 
| 352|0x0000000458000000, 0x0000000458400000, 0x0000000458400000|100%| O|  |TAMS 0x0000000458000000, 0x0000000458000000| Untracked 
| 353|0x0000000458400000, 0x0000000458800000, 0x0000000458800000|100%| O|  |TAMS 0x0000000458400000, 0x0000000458400000| Untracked 
| 354|0x0000000458800000, 0x0000000458c00000, 0x0000000458c00000|100%|HS|  |TAMS 0x0000000458c00000, 0x0000000458800000| Complete 
| 355|0x0000000458c00000, 0x0000000459000000, 0x0000000459000000|100%|HC|  |TAMS 0x0000000459000000, 0x0000000458c00000| Complete 
| 356|0x0000000459000000, 0x0000000459400000, 0x0000000459400000|100%| O|  |TAMS 0x0000000459000000, 0x0000000459000000| Untracked 
| 357|0x0000000459400000, 0x0000000459800000, 0x0000000459800000|100%| O|  |TAMS 0x0000000459400000, 0x0000000459400000| Untracked 
| 358|0x0000000459800000, 0x0000000459c00000, 0x0000000459c00000|100%| O|  |TAMS 0x0000000459800000, 0x0000000459800000| Untracked 
| 359|0x0000000459c00000, 0x000000045a000000, 0x000000045a000000|100%| O|  |TAMS 0x0000000459c00000, 0x0000000459c00000| Untracked 
| 360|0x000000045a000000, 0x000000045a400000, 0x000000045a400000|100%| O|  |TAMS 0x000000045a000000, 0x000000045a000000| Untracked 
| 361|0x000000045a400000, 0x000000045a800000, 0x000000045a800000|100%|HS|  |TAMS 0x000000045a800000, 0x000000045a400000| Untracked 
| 362|0x000000045a800000, 0x000000045ac00000, 0x000000045ac00000|100%|HC|  |TAMS 0x000000045ac00000, 0x000000045a800000| Untracked 
| 363|0x000000045ac00000, 0x000000045b000000, 0x000000045b000000|100%| O|  |TAMS 0x000000045ac00000, 0x000000045ac00000| Untracked 
| 364|0x000000045b000000, 0x000000045b400000, 0x000000045b400000|100%| O|  |TAMS 0x000000045b000000, 0x000000045b000000| Untracked 
| 365|0x000000045b400000, 0x000000045b800000, 0x000000045b800000|100%| O|  |TAMS 0x000000045b400000, 0x000000045b400000| Untracked 
| 366|0x000000045b800000, 0x000000045bc00000, 0x000000045bc00000|100%| O|  |TAMS 0x000000045bc00000, 0x000000045b800000| Untracked 
| 367|0x000000045bc00000, 0x000000045c000000, 0x000000045c000000|100%| O|  |TAMS 0x000000045bc00000, 0x000000045bc00000| Untracked 
| 368|0x000000045c000000, 0x000000045c400000, 0x000000045c400000|100%| O|  |TAMS 0x000000045c000000, 0x000000045c000000| Untracked 
| 369|0x000000045c400000, 0x000000045c800000, 0x000000045c800000|100%| O|  |TAMS 0x000000045c400000, 0x000000045c400000| Untracked 
| 370|0x000000045c800000, 0x000000045cc00000, 0x000000045cc00000|100%| O|  |TAMS 0x000000045cc00000, 0x000000045c800000| Untracked 
| 371|0x000000045cc00000, 0x000000045d000000, 0x000000045d000000|100%| O|  |TAMS 0x000000045cc00000, 0x000000045cc00000| Untracked 
| 372|0x000000045d000000, 0x000000045d400000, 0x000000045d400000|100%| O|  |TAMS 0x000000045d000000, 0x000000045d000000| Untracked 
| 373|0x000000045d400000, 0x000000045d800000, 0x000000045d800000|100%| O|  |TAMS 0x000000045d400000, 0x000000045d400000| Untracked 
| 374|0x000000045d800000, 0x000000045dc00000, 0x000000045dc00000|100%|HS|  |TAMS 0x000000045dc00000, 0x000000045d800000| Complete 
| 375|0x000000045dc00000, 0x000000045e000000, 0x000000045e000000|100%|HC|  |TAMS 0x000000045e000000, 0x000000045dc00000| Complete 
| 376|0x000000045e000000, 0x000000045e400000, 0x000000045e400000|100%|HC|  |TAMS 0x000000045e400000, 0x000000045e000000| Complete 
| 377|0x000000045e400000, 0x000000045e800000, 0x000000045e800000|100%|HS|  |TAMS 0x000000045e800000, 0x000000045e400000| Complete 
| 378|0x000000045e800000, 0x000000045ec00000, 0x000000045ec00000|100%|HC|  |TAMS 0x000000045ec00000, 0x000000045e800000| Complete 
| 379|0x000000045ec00000, 0x000000045f000000, 0x000000045f000000|100%| O|  |TAMS 0x000000045ec00000, 0x000000045ec00000| Untracked 
| 380|0x000000045f000000, 0x000000045f400000, 0x000000045f400000|100%| O|  |TAMS 0x000000045f000000, 0x000000045f000000| Untracked 
| 381|0x000000045f400000, 0x000000045f800000, 0x000000045f800000|100%| O|  |TAMS 0x000000045f400000, 0x000000045f400000| Untracked 
| 382|0x000000045f800000, 0x000000045fc00000, 0x000000045fc00000|100%| O|  |TAMS 0x000000045f800000, 0x000000045f800000| Untracked 
| 383|0x000000045fc00000, 0x0000000460000000, 0x0000000460000000|100%| O|  |TAMS 0x000000045fc00000, 0x000000045fc00000| Untracked 
| 384|0x0000000460000000, 0x0000000460400000, 0x0000000460400000|100%|HS|  |TAMS 0x0000000460400000, 0x0000000460000000| Complete 
| 385|0x0000000460400000, 0x0000000460800000, 0x0000000460800000|100%|HC|  |TAMS 0x0000000460800000, 0x0000000460400000| Complete 
| 386|0x0000000460800000, 0x0000000460c00000, 0x0000000460c00000|100%|HC|  |TAMS 0x0000000460c00000, 0x0000000460800000| Complete 
| 387|0x0000000460c00000, 0x0000000461000000, 0x0000000461000000|100%| O|  |TAMS 0x0000000461000000, 0x0000000460c00000| Untracked 
| 388|0x0000000461000000, 0x0000000461400000, 0x0000000461400000|100%| O|  |TAMS 0x0000000461000000, 0x0000000461000000| Untracked 
| 389|0x0000000461400000, 0x0000000461800000, 0x0000000461800000|100%| O|  |TAMS 0x0000000461800000, 0x0000000461400000| Untracked 
| 390|0x0000000461800000, 0x0000000461c00000, 0x0000000461c00000|100%| O|  |TAMS 0x0000000461c00000, 0x0000000461800000| Untracked 
| 391|0x0000000461c00000, 0x0000000462000000, 0x0000000462000000|100%| O|  |TAMS 0x0000000462000000, 0x0000000461c00000| Untracked 
| 392|0x0000000462000000, 0x0000000462400000, 0x0000000462400000|100%| O|  |TAMS 0x0000000462400000, 0x0000000462000000| Untracked 
| 393|0x0000000462400000, 0x0000000462800000, 0x0000000462800000|100%| O|  |TAMS 0x0000000462800000, 0x0000000462400000| Untracked 
| 394|0x0000000462800000, 0x0000000462c00000, 0x0000000462c00000|100%| O|  |TAMS 0x0000000462c00000, 0x0000000462800000| Untracked 
| 395|0x0000000462c00000, 0x0000000463000000, 0x0000000463000000|100%| O|  |TAMS 0x0000000462c00000, 0x0000000462c00000| Untracked 
| 396|0x0000000463000000, 0x0000000463400000, 0x0000000463400000|100%| O|  |TAMS 0x0000000463000000, 0x0000000463000000| Untracked 
| 397|0x0000000463400000, 0x0000000463800000, 0x0000000463800000|100%| O|  |TAMS 0x0000000463400000, 0x0000000463400000| Untracked 
| 398|0x0000000463800000, 0x0000000463c00000, 0x0000000463c00000|100%|HS|  |TAMS 0x0000000463c00000, 0x0000000463800000| Complete 
| 399|0x0000000463c00000, 0x0000000464000000, 0x0000000464000000|100%|HC|  |TAMS 0x0000000464000000, 0x0000000463c00000| Complete 
| 400|0x0000000464000000, 0x0000000464400000, 0x0000000464400000|100%|HC|  |TAMS 0x0000000464400000, 0x0000000464000000| Complete 
| 401|0x0000000464400000, 0x0000000464800000, 0x0000000464800000|100%|HS|  |TAMS 0x0000000464800000, 0x0000000464400000| Complete 
| 402|0x0000000464800000, 0x0000000464c00000, 0x0000000464c00000|100%|HC|  |TAMS 0x0000000464c00000, 0x0000000464800000| Complete 
| 403|0x0000000464c00000, 0x0000000465000000, 0x0000000465000000|100%|HC|  |TAMS 0x0000000465000000, 0x0000000464c00000| Complete 
| 404|0x0000000465000000, 0x0000000465400000, 0x0000000465400000|100%| O|  |TAMS 0x0000000465000000, 0x0000000465000000| Untracked 
| 405|0x0000000465400000, 0x0000000465800000, 0x0000000465800000|100%| O|  |TAMS 0x0000000465400000, 0x0000000465400000| Untracked 
| 406|0x0000000465800000, 0x0000000465c00000, 0x0000000465c00000|100%| O|  |TAMS 0x0000000465800000, 0x0000000465800000| Untracked 
| 407|0x0000000465c00000, 0x0000000466000000, 0x0000000466000000|100%| O|  |TAMS 0x0000000465c00000, 0x0000000465c00000| Untracked 
| 408|0x0000000466000000, 0x0000000466400000, 0x0000000466400000|100%| O|  |TAMS 0x0000000466000000, 0x0000000466000000| Untracked 
| 409|0x0000000466400000, 0x0000000466800000, 0x0000000466800000|100%|HS|  |TAMS 0x0000000466800000, 0x0000000466400000| Complete 
| 410|0x0000000466800000, 0x0000000466c00000, 0x0000000466c00000|100%|HC|  |TAMS 0x0000000466c00000, 0x0000000466800000| Complete 
| 411|0x0000000466c00000, 0x0000000467000000, 0x0000000467000000|100%|HC|  |TAMS 0x0000000467000000, 0x0000000466c00000| Complete 
| 412|0x0000000467000000, 0x0000000467400000, 0x0000000467400000|100%| O|  |TAMS 0x0000000467000000, 0x0000000467000000| Untracked 
| 413|0x0000000467400000, 0x0000000467800000, 0x0000000467800000|100%| O|  |TAMS 0x0000000467400000, 0x0000000467400000| Untracked 
| 414|0x0000000467800000, 0x0000000467c00000, 0x0000000467c00000|100%|HS|  |TAMS 0x0000000467c00000, 0x0000000467800000| Complete 
| 415|0x0000000467c00000, 0x0000000468000000, 0x0000000468000000|100%|HC|  |TAMS 0x0000000468000000, 0x0000000467c00000| Complete 
| 416|0x0000000468000000, 0x0000000468400000, 0x0000000468400000|100%|HC|  |TAMS 0x0000000468400000, 0x0000000468000000| Complete 
| 417|0x0000000468400000, 0x0000000468800000, 0x0000000468800000|100%| O|  |TAMS 0x0000000468400000, 0x0000000468400000| Untracked 
| 418|0x0000000468800000, 0x0000000468c00000, 0x0000000468c00000|100%| O|  |TAMS 0x0000000468800000, 0x0000000468800000| Untracked 
| 419|0x0000000468c00000, 0x0000000469000000, 0x0000000469000000|100%| O|  |TAMS 0x0000000468c00000, 0x0000000468c00000| Untracked 
| 420|0x0000000469000000, 0x0000000469400000, 0x0000000469400000|100%| O|  |TAMS 0x0000000469000000, 0x0000000469000000| Untracked 
| 421|0x0000000469400000, 0x0000000469800000, 0x0000000469800000|100%| O|  |TAMS 0x0000000469400000, 0x0000000469400000| Untracked 
| 422|0x0000000469800000, 0x0000000469c00000, 0x0000000469c00000|100%| O|  |TAMS 0x0000000469800000, 0x0000000469800000| Untracked 
| 423|0x0000000469c00000, 0x000000046a000000, 0x000000046a000000|100%| O|  |TAMS 0x0000000469c00000, 0x0000000469c00000| Untracked 
| 424|0x000000046a000000, 0x000000046a400000, 0x000000046a400000|100%| O|  |TAMS 0x000000046a000000, 0x000000046a000000| Untracked 
| 425|0x000000046a400000, 0x000000046a800000, 0x000000046a800000|100%| O|  |TAMS 0x000000046a400000, 0x000000046a400000| Untracked 
| 426|0x000000046a800000, 0x000000046ac00000, 0x000000046ac00000|100%| O|  |TAMS 0x000000046a800000, 0x000000046a800000| Untracked 
| 427|0x000000046ac00000, 0x000000046b000000, 0x000000046b000000|100%| O|  |TAMS 0x000000046ac00000, 0x000000046ac00000| Untracked 
| 428|0x000000046b000000, 0x000000046b400000, 0x000000046b400000|100%|HS|  |TAMS 0x000000046b400000, 0x000000046b000000| Complete 
| 429|0x000000046b400000, 0x000000046b800000, 0x000000046b800000|100%|HC|  |TAMS 0x000000046b800000, 0x000000046b400000| Complete 
| 430|0x000000046b800000, 0x000000046bc00000, 0x000000046bc00000|100%|HS|  |TAMS 0x000000046bc00000, 0x000000046b800000| Complete 
| 431|0x000000046bc00000, 0x000000046c000000, 0x000000046c000000|100%|HC|  |TAMS 0x000000046c000000, 0x000000046bc00000| Complete 
| 432|0x000000046c000000, 0x000000046c400000, 0x000000046c400000|100%|HC|  |TAMS 0x000000046c400000, 0x000000046c000000| Complete 
| 433|0x000000046c400000, 0x000000046c800000, 0x000000046c800000|100%|HS|  |TAMS 0x000000046c800000, 0x000000046c400000| Complete 
| 434|0x000000046c800000, 0x000000046cc00000, 0x000000046cc00000|100%|HC|  |TAMS 0x000000046cc00000, 0x000000046c800000| Complete 
| 435|0x000000046cc00000, 0x000000046d000000, 0x000000046d000000|100%|HS|  |TAMS 0x000000046d000000, 0x000000046cc00000| Complete 
| 436|0x000000046d000000, 0x000000046d400000, 0x000000046d400000|100%|HC|  |TAMS 0x000000046d400000, 0x000000046d000000| Complete 
| 437|0x000000046d400000, 0x000000046d800000, 0x000000046d800000|100%| O|  |TAMS 0x000000046d400000, 0x000000046d400000| Untracked 
| 438|0x000000046d800000, 0x000000046dc00000, 0x000000046dc00000|100%| O|  |TAMS 0x000000046d800000, 0x000000046d800000| Untracked 
| 439|0x000000046dc00000, 0x000000046e000000, 0x000000046e000000|100%|HS|  |TAMS 0x000000046e000000, 0x000000046dc00000| Complete 
| 440|0x000000046e000000, 0x000000046e400000, 0x000000046e400000|100%|HC|  |TAMS 0x000000046e400000, 0x000000046e000000| Complete 
| 441|0x000000046e400000, 0x000000046e800000, 0x000000046e800000|100%|HC|  |TAMS 0x000000046e800000, 0x000000046e400000| Complete 
| 442|0x000000046e800000, 0x000000046ec00000, 0x000000046ec00000|100%| O|  |TAMS 0x000000046e800000, 0x000000046e800000| Untracked 
| 443|0x000000046ec00000, 0x000000046f000000, 0x000000046f000000|100%| O|  |TAMS 0x000000046ec00000, 0x000000046ec00000| Untracked 
| 444|0x000000046f000000, 0x000000046f400000, 0x000000046f400000|100%|HS|  |TAMS 0x000000046f400000, 0x000000046f000000| Complete 
| 445|0x000000046f400000, 0x000000046f800000, 0x000000046f800000|100%|HC|  |TAMS 0x000000046f800000, 0x000000046f400000| Complete 
| 446|0x000000046f800000, 0x000000046fc00000, 0x000000046fc00000|100%| O|  |TAMS 0x000000046f800000, 0x000000046f800000| Untracked 
| 447|0x000000046fc00000, 0x0000000470000000, 0x0000000470000000|100%| O|  |TAMS 0x000000046fc00000, 0x000000046fc00000| Untracked 
| 448|0x0000000470000000, 0x0000000470400000, 0x0000000470400000|100%| O|  |TAMS 0x0000000470000000, 0x0000000470000000| Untracked 
| 449|0x0000000470400000, 0x0000000470800000, 0x0000000470800000|100%| O|  |TAMS 0x0000000470400000, 0x0000000470400000| Untracked 
| 450|0x0000000470800000, 0x0000000470c00000, 0x0000000470c00000|100%| O|  |TAMS 0x0000000470800000, 0x0000000470800000| Untracked 
| 451|0x0000000470c00000, 0x0000000471000000, 0x0000000471000000|100%| O|  |TAMS 0x0000000470c00000, 0x0000000470c00000| Untracked 
| 452|0x0000000471000000, 0x0000000471400000, 0x0000000471400000|100%| O|  |TAMS 0x0000000471000000, 0x0000000471000000| Untracked 
| 453|0x0000000471400000, 0x0000000471800000, 0x0000000471800000|100%| O|  |TAMS 0x0000000471400000, 0x0000000471400000| Untracked 
| 454|0x0000000471800000, 0x0000000471c00000, 0x0000000471c00000|100%| O|  |TAMS 0x0000000471800000, 0x0000000471800000| Untracked 
| 455|0x0000000471c00000, 0x0000000472000000, 0x0000000472000000|100%| O|  |TAMS 0x0000000471c00000, 0x0000000471c00000| Untracked 
| 456|0x0000000472000000, 0x0000000472400000, 0x0000000472400000|100%| O|  |TAMS 0x0000000472000000, 0x0000000472000000| Untracked 
| 457|0x0000000472400000, 0x0000000472800000, 0x0000000472800000|100%| O|  |TAMS 0x0000000472400000, 0x0000000472400000| Untracked 
| 458|0x0000000472800000, 0x0000000472c00000, 0x0000000472c00000|100%| O|  |TAMS 0x0000000472800000, 0x0000000472800000| Untracked 
| 459|0x0000000472c00000, 0x0000000473000000, 0x0000000473000000|100%| O|  |TAMS 0x0000000472c00000, 0x0000000472c00000| Untracked 
| 460|0x0000000473000000, 0x0000000473400000, 0x0000000473400000|100%| O|  |TAMS 0x0000000473000000, 0x0000000473000000| Untracked 
| 461|0x0000000473400000, 0x0000000473800000, 0x0000000473800000|100%|HS|  |TAMS 0x0000000473800000, 0x0000000473400000| Complete 
| 462|0x0000000473800000, 0x0000000473c00000, 0x0000000473c00000|100%|HC|  |TAMS 0x0000000473c00000, 0x0000000473800000| Complete 
| 463|0x0000000473c00000, 0x0000000474000000, 0x0000000474000000|100%|HC|  |TAMS 0x0000000474000000, 0x0000000473c00000| Complete 
| 464|0x0000000474000000, 0x0000000474400000, 0x0000000474400000|100%|HS|  |TAMS 0x0000000474400000, 0x0000000474000000| Complete 
| 465|0x0000000474400000, 0x0000000474800000, 0x0000000474800000|100%|HC|  |TAMS 0x0000000474800000, 0x0000000474400000| Complete 
| 466|0x0000000474800000, 0x0000000474c00000, 0x0000000474c00000|100%|HS|  |TAMS 0x0000000474c00000, 0x0000000474800000| Complete 
| 467|0x0000000474c00000, 0x0000000475000000, 0x0000000475000000|100%|HC|  |TAMS 0x0000000475000000, 0x0000000474c00000| Complete 
| 468|0x0000000475000000, 0x0000000475400000, 0x0000000475400000|100%|HC|  |TAMS 0x0000000475400000, 0x0000000475000000| Complete 
| 469|0x0000000475400000, 0x0000000475800000, 0x0000000475800000|100%|HS|  |TAMS 0x0000000475800000, 0x0000000475400000| Complete 
| 470|0x0000000475800000, 0x0000000475c00000, 0x0000000475c00000|100%|HC|  |TAMS 0x0000000475c00000, 0x0000000475800000| Complete 
| 471|0x0000000475c00000, 0x0000000476000000, 0x0000000476000000|100%| O|  |TAMS 0x0000000475c00000, 0x0000000475c00000| Untracked 
| 472|0x0000000476000000, 0x0000000476400000, 0x0000000476400000|100%| O|  |TAMS 0x0000000476000000, 0x0000000476000000| Untracked 
| 473|0x0000000476400000, 0x0000000476800000, 0x0000000476800000|100%|HS|  |TAMS 0x0000000476800000, 0x0000000476400000| Complete 
| 474|0x0000000476800000, 0x0000000476c00000, 0x0000000476c00000|100%|HC|  |TAMS 0x0000000476c00000, 0x0000000476800000| Complete 
| 475|0x0000000476c00000, 0x0000000477000000, 0x0000000477000000|100%|HC|  |TAMS 0x0000000477000000, 0x0000000476c00000| Complete 
| 476|0x0000000477000000, 0x0000000477400000, 0x0000000477400000|100%| O|  |TAMS 0x0000000477400000, 0x0000000477000000| Untracked 
| 477|0x0000000477400000, 0x0000000477800000, 0x0000000477800000|100%|HS|  |TAMS 0x0000000477800000, 0x0000000477400000| Complete 
| 478|0x0000000477800000, 0x0000000477c00000, 0x0000000477c00000|100%|HC|  |TAMS 0x0000000477c00000, 0x0000000477800000| Complete 
| 479|0x0000000477c00000, 0x0000000478000000, 0x0000000478000000|100%|HS|  |TAMS 0x0000000478000000, 0x0000000477c00000| Complete 
| 480|0x0000000478000000, 0x0000000478400000, 0x0000000478400000|100%|HC|  |TAMS 0x0000000478400000, 0x0000000478000000| Complete 
| 481|0x0000000478400000, 0x0000000478800000, 0x0000000478800000|100%|HC|  |TAMS 0x0000000478800000, 0x0000000478400000| Complete 
| 482|0x0000000478800000, 0x0000000478c00000, 0x0000000478c00000|100%|HS|  |TAMS 0x0000000478c00000, 0x0000000478800000| Complete 
| 483|0x0000000478c00000, 0x0000000479000000, 0x0000000479000000|100%|HC|  |TAMS 0x0000000479000000, 0x0000000478c00000| Complete 
| 484|0x0000000479000000, 0x0000000479400000, 0x0000000479400000|100%|HC|  |TAMS 0x0000000479400000, 0x0000000479000000| Complete 
| 485|0x0000000479400000, 0x0000000479800000, 0x0000000479800000|100%| O|  |TAMS 0x0000000479400000, 0x0000000479400000| Untracked 
| 486|0x0000000479800000, 0x0000000479c00000, 0x0000000479c00000|100%| O|  |TAMS 0x0000000479800000, 0x0000000479800000| Untracked 
| 487|0x0000000479c00000, 0x000000047a000000, 0x000000047a000000|100%| O|  |TAMS 0x0000000479c00000, 0x0000000479c00000| Untracked 
| 488|0x000000047a000000, 0x000000047a400000, 0x000000047a400000|100%|HS|  |TAMS 0x000000047a400000, 0x000000047a000000| Complete 
| 489|0x000000047a400000, 0x000000047a800000, 0x000000047a800000|100%|HC|  |TAMS 0x000000047a800000, 0x000000047a400000| Complete 
| 490|0x000000047a800000, 0x000000047ac00000, 0x000000047ac00000|100%|HC|  |TAMS 0x000000047ac00000, 0x000000047a800000| Complete 
| 491|0x000000047ac00000, 0x000000047b000000, 0x000000047b000000|100%|HS|  |TAMS 0x000000047b000000, 0x000000047ac00000| Complete 
| 492|0x000000047b000000, 0x000000047b400000, 0x000000047b400000|100%|HC|  |TAMS 0x000000047b400000, 0x000000047b000000| Complete 
| 493|0x000000047b400000, 0x000000047b800000, 0x000000047b800000|100%|HC|  |TAMS 0x000000047b800000, 0x000000047b400000| Complete 
| 494|0x000000047b800000, 0x000000047bc00000, 0x000000047bc00000|100%| O|  |TAMS 0x000000047bc00000, 0x000000047b800000| Untracked 
| 495|0x000000047bc00000, 0x000000047c000000, 0x000000047c000000|100%| O|  |TAMS 0x000000047c000000, 0x000000047bc00000| Untracked 
| 496|0x000000047c000000, 0x000000047c400000, 0x000000047c400000|100%| O|  |TAMS 0x000000047c400000, 0x000000047c000000| Untracked 
| 497|0x000000047c400000, 0x000000047c800000, 0x000000047c800000|100%| O|  |TAMS 0x000000047c800000, 0x000000047c400000| Untracked 
| 498|0x000000047c800000, 0x000000047cc00000, 0x000000047cc00000|100%| O|  |TAMS 0x000000047c800000, 0x000000047c800000| Untracked 
| 499|0x000000047cc00000, 0x000000047d000000, 0x000000047d000000|100%| O|  |TAMS 0x000000047cc00000, 0x000000047cc00000| Untracked 
| 500|0x000000047d000000, 0x000000047d400000, 0x000000047d400000|100%|HS|  |TAMS 0x000000047d400000, 0x000000047d000000| Complete 
| 501|0x000000047d400000, 0x000000047d800000, 0x000000047d800000|100%|HC|  |TAMS 0x000000047d800000, 0x000000047d400000| Complete 
| 502|0x000000047d800000, 0x000000047dc00000, 0x000000047dc00000|100%| O|  |TAMS 0x000000047dc00000, 0x000000047d800000| Untracked 
| 503|0x000000047dc00000, 0x000000047e000000, 0x000000047e000000|100%| O|  |TAMS 0x000000047dc00000, 0x000000047dc00000| Untracked 
| 504|0x000000047e000000, 0x000000047e400000, 0x000000047e400000|100%| O|  |TAMS 0x000000047e000000, 0x000000047e000000| Untracked 
| 505|0x000000047e400000, 0x000000047e800000, 0x000000047e800000|100%| O|  |TAMS 0x000000047e400000, 0x000000047e400000| Untracked 
| 506|0x000000047e800000, 0x000000047ec00000, 0x000000047ec00000|100%|HS|  |TAMS 0x000000047ec00000, 0x000000047e800000| Complete 
| 507|0x000000047ec00000, 0x000000047f000000, 0x000000047f000000|100%|HC|  |TAMS 0x000000047f000000, 0x000000047ec00000| Complete 
| 508|0x000000047f000000, 0x000000047f400000, 0x000000047f400000|100%|HC|  |TAMS 0x000000047f400000, 0x000000047f000000| Complete 
| 509|0x000000047f400000, 0x000000047f800000, 0x000000047f800000|100%| O|  |TAMS 0x000000047f400000, 0x000000047f400000| Untracked 
| 510|0x000000047f800000, 0x000000047fc00000, 0x000000047fc00000|100%| O|  |TAMS 0x000000047fc00000, 0x000000047f800000| Untracked 
| 511|0x000000047fc00000, 0x0000000480000000, 0x0000000480000000|100%| O|  |TAMS 0x0000000480000000, 0x000000047fc00000| Untracked 
| 512|0x0000000480000000, 0x0000000480400000, 0x0000000480400000|100%|HS|  |TAMS 0x0000000480400000, 0x0000000480000000| Complete 
| 513|0x0000000480400000, 0x0000000480800000, 0x0000000480800000|100%|HC|  |TAMS 0x0000000480800000, 0x0000000480400000| Complete 
| 514|0x0000000480800000, 0x0000000480c00000, 0x0000000480c00000|100%|HC|  |TAMS 0x0000000480c00000, 0x0000000480800000| Complete 
| 515|0x0000000480c00000, 0x0000000481000000, 0x0000000481000000|100%|HS|  |TAMS 0x0000000481000000, 0x0000000480c00000| Complete 
| 516|0x0000000481000000, 0x0000000481400000, 0x0000000481400000|100%|HC|  |TAMS 0x0000000481400000, 0x0000000481000000| Complete 
| 517|0x0000000481400000, 0x0000000481800000, 0x0000000481800000|100%|HC|  |TAMS 0x0000000481800000, 0x0000000481400000| Complete 
| 518|0x0000000481800000, 0x0000000481c00000, 0x0000000481c00000|100%|HS|  |TAMS 0x0000000481c00000, 0x0000000481800000| Complete 
| 519|0x0000000481c00000, 0x0000000482000000, 0x0000000482000000|100%|HC|  |TAMS 0x0000000482000000, 0x0000000481c00000| Complete 
| 520|0x0000000482000000, 0x0000000482400000, 0x0000000482400000|100%|HC|  |TAMS 0x0000000482400000, 0x0000000482000000| Complete 
| 521|0x0000000482400000, 0x0000000482800000, 0x0000000482800000|100%|HS|  |TAMS 0x0000000482800000, 0x0000000482400000| Complete 
| 522|0x0000000482800000, 0x0000000482c00000, 0x0000000482c00000|100%|HC|  |TAMS 0x0000000482c00000, 0x0000000482800000| Complete 
| 523|0x0000000482c00000, 0x0000000483000000, 0x0000000483000000|100%|HC|  |TAMS 0x0000000483000000, 0x0000000482c00000| Complete 
| 524|0x0000000483000000, 0x0000000483400000, 0x0000000483400000|100%|HS|  |TAMS 0x0000000483400000, 0x0000000483000000| Complete 
| 525|0x0000000483400000, 0x0000000483800000, 0x0000000483800000|100%|HC|  |TAMS 0x0000000483800000, 0x0000000483400000| Complete 
| 526|0x0000000483800000, 0x0000000483c00000, 0x0000000483c00000|100%|HS|  |TAMS 0x0000000483c00000, 0x0000000483800000| Complete 
| 527|0x0000000483c00000, 0x0000000484000000, 0x0000000484000000|100%|HC|  |TAMS 0x0000000484000000, 0x0000000483c00000| Complete 
| 528|0x0000000484000000, 0x0000000484400000, 0x0000000484400000|100%|HC|  |TAMS 0x0000000484400000, 0x0000000484000000| Complete 
| 529|0x0000000484400000, 0x0000000484800000, 0x0000000484800000|100%|HS|  |TAMS 0x0000000484800000, 0x0000000484400000| Complete 
| 530|0x0000000484800000, 0x0000000484c00000, 0x0000000484c00000|100%|HC|  |TAMS 0x0000000484c00000, 0x0000000484800000| Complete 
| 531|0x0000000484c00000, 0x0000000485000000, 0x0000000485000000|100%|HC|  |TAMS 0x0000000485000000, 0x0000000484c00000| Complete 
| 532|0x0000000485000000, 0x0000000485400000, 0x0000000485400000|100%|HS|  |TAMS 0x0000000485400000, 0x0000000485000000| Complete 
| 533|0x0000000485400000, 0x0000000485800000, 0x0000000485800000|100%|HC|  |TAMS 0x0000000485800000, 0x0000000485400000| Complete 
| 534|0x0000000485800000, 0x0000000485c00000, 0x0000000485c00000|100%|HC|  |TAMS 0x0000000485c00000, 0x0000000485800000| Complete 
| 535|0x0000000485c00000, 0x0000000486000000, 0x0000000486000000|100%| O|  |TAMS 0x0000000486000000, 0x0000000485c00000| Untracked 
| 536|0x0000000486000000, 0x0000000486400000, 0x0000000486400000|100%| O|  |TAMS 0x0000000486000000, 0x0000000486000000| Untracked 
| 537|0x0000000486400000, 0x0000000486800000, 0x0000000486800000|100%| O|  |TAMS 0x0000000486400000, 0x0000000486400000| Untracked 
| 538|0x0000000486800000, 0x0000000486c00000, 0x0000000486c00000|100%| O|  |TAMS 0x0000000486800000, 0x0000000486800000| Untracked 
| 539|0x0000000486c00000, 0x0000000487000000, 0x0000000487000000|100%| O|  |TAMS 0x0000000486c00000, 0x0000000486c00000| Untracked 
| 540|0x0000000487000000, 0x0000000487400000, 0x0000000487400000|100%| O|  |TAMS 0x0000000487000000, 0x0000000487000000| Untracked 
| 541|0x0000000487400000, 0x0000000487800000, 0x0000000487800000|100%| O|  |TAMS 0x0000000487400000, 0x0000000487400000| Untracked 
| 542|0x0000000487800000, 0x0000000487c00000, 0x0000000487c00000|100%|HS|  |TAMS 0x0000000487c00000, 0x0000000487800000| Complete 
| 543|0x0000000487c00000, 0x0000000488000000, 0x0000000488000000|100%|HC|  |TAMS 0x0000000488000000, 0x0000000487c00000| Complete 
| 544|0x0000000488000000, 0x0000000488400000, 0x0000000488400000|100%|HC|  |TAMS 0x0000000488400000, 0x0000000488000000| Complete 
| 545|0x0000000488400000, 0x0000000488800000, 0x0000000488800000|100%|HS|  |TAMS 0x0000000488800000, 0x0000000488400000| Complete 
| 546|0x0000000488800000, 0x0000000488c00000, 0x0000000488c00000|100%|HC|  |TAMS 0x0000000488c00000, 0x0000000488800000| Complete 
| 547|0x0000000488c00000, 0x0000000489000000, 0x0000000489000000|100%|HC|  |TAMS 0x0000000489000000, 0x0000000488c00000| Complete 
| 548|0x0000000489000000, 0x0000000489400000, 0x0000000489400000|100%| O|  |TAMS 0x0000000489000000, 0x0000000489000000| Untracked 
| 549|0x0000000489400000, 0x0000000489800000, 0x0000000489800000|100%| O|  |TAMS 0x0000000489400000, 0x0000000489400000| Untracked 
| 550|0x0000000489800000, 0x0000000489c00000, 0x0000000489c00000|100%| O|  |TAMS 0x0000000489800000, 0x0000000489800000| Untracked 
| 551|0x0000000489c00000, 0x000000048a000000, 0x000000048a000000|100%| O|  |TAMS 0x0000000489c00000, 0x0000000489c00000| Untracked 
| 552|0x000000048a000000, 0x000000048a400000, 0x000000048a400000|100%| O|  |TAMS 0x000000048a000000, 0x000000048a000000| Untracked 
| 553|0x000000048a400000, 0x000000048a77c600, 0x000000048a800000| 87%| O|  |TAMS 0x000000048a400000, 0x000000048a400000| Untracked 
| 554|0x000000048a800000, 0x000000048a800000, 0x000000048ac00000|  0%| F|  |TAMS 0x000000048a800000, 0x000000048a800000| Untracked 
| 555|0x000000048ac00000, 0x000000048ac00000, 0x000000048b000000|  0%| F|  |TAMS 0x000000048ac00000, 0x000000048ac00000| Untracked 
| 556|0x000000048b000000, 0x000000048b000000, 0x000000048b400000|  0%| F|  |TAMS 0x000000048b000000, 0x000000048b000000| Untracked 
| 557|0x000000048b400000, 0x000000048b400000, 0x000000048b800000|  0%| F|  |TAMS 0x000000048b400000, 0x000000048b400000| Untracked 
| 558|0x000000048b800000, 0x000000048b800000, 0x000000048bc00000|  0%| F|  |TAMS 0x000000048b800000, 0x000000048b800000| Untracked 
| 559|0x000000048bc00000, 0x000000048bc00000, 0x000000048c000000|  0%| F|  |TAMS 0x000000048bc00000, 0x000000048bc00000| Untracked 
| 560|0x000000048c000000, 0x000000048c000000, 0x000000048c400000|  0%| F|  |TAMS 0x000000048c000000, 0x000000048c000000| Untracked 
| 561|0x000000048c400000, 0x000000048c400000, 0x000000048c800000|  0%| F|  |TAMS 0x000000048c400000, 0x000000048c400000| Untracked 
| 562|0x000000048c800000, 0x000000048c800000, 0x000000048cc00000|  0%| F|  |TAMS 0x000000048c800000, 0x000000048c800000| Untracked 
| 563|0x000000048cc00000, 0x000000048cc00000, 0x000000048d000000|  0%| F|  |TAMS 0x000000048cc00000, 0x000000048cc00000| Untracked 
| 564|0x000000048d000000, 0x000000048d000000, 0x000000048d400000|  0%| F|  |TAMS 0x000000048d000000, 0x000000048d000000| Untracked 
| 565|0x000000048d400000, 0x000000048d400000, 0x000000048d800000|  0%| F|  |TAMS 0x000000048d400000, 0x000000048d400000| Untracked 
| 566|0x000000048d800000, 0x000000048d800000, 0x000000048dc00000|  0%| F|  |TAMS 0x000000048d800000, 0x000000048d800000| Untracked 
| 567|0x000000048dc00000, 0x000000048dc00000, 0x000000048e000000|  0%| F|  |TAMS 0x000000048dc00000, 0x000000048dc00000| Untracked 
| 568|0x000000048e000000, 0x000000048e000000, 0x000000048e400000|  0%| F|  |TAMS 0x000000048e000000, 0x000000048e000000| Untracked 
| 569|0x000000048e400000, 0x000000048e400000, 0x000000048e800000|  0%| F|  |TAMS 0x000000048e400000, 0x000000048e400000| Untracked 
| 570|0x000000048e800000, 0x000000048e800000, 0x000000048ec00000|  0%| F|  |TAMS 0x000000048e800000, 0x000000048e800000| Untracked 
| 571|0x000000048ec00000, 0x000000048ec00000, 0x000000048f000000|  0%| F|  |TAMS 0x000000048ec00000, 0x000000048ec00000| Untracked 
| 572|0x000000048f000000, 0x000000048f000000, 0x000000048f400000|  0%| F|  |TAMS 0x000000048f000000, 0x000000048f000000| Untracked 
| 573|0x000000048f400000, 0x000000048f400000, 0x000000048f800000|  0%| F|  |TAMS 0x000000048f400000, 0x000000048f400000| Untracked 
| 574|0x000000048f800000, 0x000000048f800000, 0x000000048fc00000|  0%| F|  |TAMS 0x000000048f800000, 0x000000048f800000| Untracked 
| 575|0x000000048fc00000, 0x000000048fc00000, 0x0000000490000000|  0%| F|  |TAMS 0x000000048fc00000, 0x000000048fc00000| Untracked 
| 576|0x0000000490000000, 0x0000000490000000, 0x0000000490400000|  0%| F|  |TAMS 0x0000000490000000, 0x0000000490000000| Untracked 
| 577|0x0000000490400000, 0x0000000490400000, 0x0000000490800000|  0%| F|  |TAMS 0x0000000490400000, 0x0000000490400000| Untracked 
| 578|0x0000000490800000, 0x0000000490c00000, 0x0000000490c00000|100%| O|  |TAMS 0x0000000490c00000, 0x0000000490800000| Untracked 
| 579|0x0000000490c00000, 0x0000000490c00000, 0x0000000491000000|  0%| F|  |TAMS 0x0000000490c00000, 0x0000000490c00000| Untracked 
| 580|0x0000000491000000, 0x0000000491000000, 0x0000000491400000|  0%| F|  |TAMS 0x0000000491000000, 0x0000000491000000| Untracked 
| 581|0x0000000491400000, 0x0000000491400000, 0x0000000491800000|  0%| F|  |TAMS 0x0000000491400000, 0x0000000491400000| Untracked 
| 582|0x0000000491800000, 0x0000000491800000, 0x0000000491c00000|  0%| F|  |TAMS 0x0000000491800000, 0x0000000491800000| Untracked 
| 583|0x0000000491c00000, 0x0000000491c00000, 0x0000000492000000|  0%| F|  |TAMS 0x0000000491c00000, 0x0000000491c00000| Untracked 
| 584|0x0000000492000000, 0x0000000492000000, 0x0000000492400000|  0%| F|  |TAMS 0x0000000492000000, 0x0000000492000000| Untracked 
| 585|0x0000000492400000, 0x0000000492400000, 0x0000000492800000|  0%| F|  |TAMS 0x0000000492400000, 0x0000000492400000| Untracked 
| 586|0x0000000492800000, 0x0000000492800000, 0x0000000492c00000|  0%| F|  |TAMS 0x0000000492800000, 0x0000000492800000| Untracked 
| 587|0x0000000492c00000, 0x0000000492c00000, 0x0000000493000000|  0%| F|  |TAMS 0x0000000492c00000, 0x0000000492c00000| Untracked 
| 588|0x0000000493000000, 0x0000000493000000, 0x0000000493400000|  0%| F|  |TAMS 0x0000000493000000, 0x0000000493000000| Untracked 
| 589|0x0000000493400000, 0x0000000493400000, 0x0000000493800000|  0%| F|  |TAMS 0x0000000493400000, 0x0000000493400000| Untracked 
| 590|0x0000000493800000, 0x0000000493800000, 0x0000000493c00000|  0%| F|  |TAMS 0x0000000493800000, 0x0000000493800000| Untracked 
| 591|0x0000000493c00000, 0x0000000493c00000, 0x0000000494000000|  0%| F|  |TAMS 0x0000000493c00000, 0x0000000493c00000| Untracked 
| 592|0x0000000494000000, 0x0000000494000000, 0x0000000494400000|  0%| F|  |TAMS 0x0000000494000000, 0x0000000494000000| Untracked 
| 593|0x0000000494400000, 0x0000000494400000, 0x0000000494800000|  0%| F|  |TAMS 0x0000000494400000, 0x0000000494400000| Untracked 
| 594|0x0000000494800000, 0x0000000494800000, 0x0000000494c00000|  0%| F|  |TAMS 0x0000000494800000, 0x0000000494800000| Untracked 
| 595|0x0000000494c00000, 0x0000000494c00000, 0x0000000495000000|  0%| F|  |TAMS 0x0000000494c00000, 0x0000000494c00000| Untracked 
| 596|0x0000000495000000, 0x0000000495000000, 0x0000000495400000|  0%| F|  |TAMS 0x0000000495000000, 0x0000000495000000| Untracked 
| 597|0x0000000495400000, 0x0000000495400000, 0x0000000495800000|  0%| F|  |TAMS 0x0000000495400000, 0x0000000495400000| Untracked 
| 598|0x0000000495800000, 0x0000000495800000, 0x0000000495c00000|  0%| F|  |TAMS 0x0000000495800000, 0x0000000495800000| Untracked 
| 599|0x0000000495c00000, 0x0000000495c00000, 0x0000000496000000|  0%| F|  |TAMS 0x0000000495c00000, 0x0000000495c00000| Untracked 
| 600|0x0000000496000000, 0x0000000496000000, 0x0000000496400000|  0%| F|  |TAMS 0x0000000496000000, 0x0000000496000000| Untracked 
| 601|0x0000000496400000, 0x0000000496400000, 0x0000000496800000|  0%| F|  |TAMS 0x0000000496400000, 0x0000000496400000| Untracked 
| 602|0x0000000496800000, 0x0000000496800000, 0x0000000496c00000|  0%| F|  |TAMS 0x0000000496800000, 0x0000000496800000| Untracked 
| 603|0x0000000496c00000, 0x0000000497000000, 0x0000000497000000|100%|HS|  |TAMS 0x0000000497000000, 0x0000000496c00000| Complete 
| 604|0x0000000497000000, 0x0000000497400000, 0x0000000497400000|100%|HC|  |TAMS 0x0000000497400000, 0x0000000497000000| Complete 
| 605|0x0000000497400000, 0x0000000497800000, 0x0000000497800000|100%| O|  |TAMS 0x0000000497800000, 0x0000000497400000| Untracked 
| 606|0x0000000497800000, 0x0000000497c00000, 0x0000000497c00000|100%| O|  |TAMS 0x0000000497c00000, 0x0000000497800000| Untracked 
| 607|0x0000000497c00000, 0x0000000497c00000, 0x0000000498000000|  0%| F|  |TAMS 0x0000000497c00000, 0x0000000497c00000| Untracked 
| 608|0x0000000498000000, 0x0000000498400000, 0x0000000498400000|100%|HS|  |TAMS 0x0000000498400000, 0x0000000498000000| Complete 
| 609|0x0000000498400000, 0x0000000498800000, 0x0000000498800000|100%|HC|  |TAMS 0x0000000498800000, 0x0000000498400000| Complete 
| 610|0x0000000498800000, 0x0000000498c00000, 0x0000000498c00000|100%|HC|  |TAMS 0x0000000498c00000, 0x0000000498800000| Complete 
| 611|0x0000000498c00000, 0x0000000499000000, 0x0000000499000000|100%| O|  |TAMS 0x0000000499000000, 0x0000000498c00000| Untracked 
| 612|0x0000000499000000, 0x0000000499400000, 0x0000000499400000|100%|HS|  |TAMS 0x0000000499400000, 0x0000000499000000| Complete 
| 613|0x0000000499400000, 0x0000000499800000, 0x0000000499800000|100%|HC|  |TAMS 0x0000000499800000, 0x0000000499400000| Complete 
| 614|0x0000000499800000, 0x0000000499c00000, 0x0000000499c00000|100%|HC|  |TAMS 0x0000000499c00000, 0x0000000499800000| Complete 
| 615|0x0000000499c00000, 0x000000049a000000, 0x000000049a000000|100%|HS|  |TAMS 0x000000049a000000, 0x0000000499c00000| Complete 
| 616|0x000000049a000000, 0x000000049a400000, 0x000000049a400000|100%|HC|  |TAMS 0x000000049a400000, 0x000000049a000000| Complete 
| 617|0x000000049a400000, 0x000000049a800000, 0x000000049a800000|100%| O|  |TAMS 0x000000049a800000, 0x000000049a400000| Untracked 
| 618|0x000000049a800000, 0x000000049ac00000, 0x000000049ac00000|100%|HS|  |TAMS 0x000000049ac00000, 0x000000049a800000| Complete 
| 619|0x000000049ac00000, 0x000000049b000000, 0x000000049b000000|100%|HC|  |TAMS 0x000000049b000000, 0x000000049ac00000| Complete 
| 620|0x000000049b000000, 0x000000049b400000, 0x000000049b400000|100%|HC|  |TAMS 0x000000049b400000, 0x000000049b000000| Complete 
| 621|0x000000049b400000, 0x000000049b400000, 0x000000049b800000|  0%| F|  |TAMS 0x000000049b400000, 0x000000049b400000| Untracked 
| 622|0x000000049b800000, 0x000000049b800000, 0x000000049bc00000|  0%| F|  |TAMS 0x000000049b800000, 0x000000049b800000| Untracked 
| 623|0x000000049bc00000, 0x000000049bc00000, 0x000000049c000000|  0%| F|  |TAMS 0x000000049bc00000, 0x000000049bc00000| Untracked 
| 624|0x000000049c000000, 0x000000049c400000, 0x000000049c400000|100%|HS|  |TAMS 0x000000049c400000, 0x000000049c000000| Complete 
| 625|0x000000049c400000, 0x000000049c800000, 0x000000049c800000|100%|HC|  |TAMS 0x000000049c800000, 0x000000049c400000| Complete 
| 626|0x000000049c800000, 0x000000049cc00000, 0x000000049cc00000|100%|HC|  |TAMS 0x000000049cc00000, 0x000000049c800000| Complete 
| 627|0x000000049cc00000, 0x000000049d000000, 0x000000049d000000|100%| O|  |TAMS 0x000000049d000000, 0x000000049cc00000| Untracked 
| 628|0x000000049d000000, 0x000000049d400000, 0x000000049d400000|100%| O|  |TAMS 0x000000049d400000, 0x000000049d000000| Untracked 
| 629|0x000000049d400000, 0x000000049d400000, 0x000000049d800000|  0%| F|  |TAMS 0x000000049d400000, 0x000000049d400000| Untracked 
| 630|0x000000049d800000, 0x000000049dc00000, 0x000000049dc00000|100%| O|  |TAMS 0x000000049dc00000, 0x000000049d800000| Untracked 
| 631|0x000000049dc00000, 0x000000049e000000, 0x000000049e000000|100%|HS|  |TAMS 0x000000049e000000, 0x000000049dc00000| Complete 
| 632|0x000000049e000000, 0x000000049e400000, 0x000000049e400000|100%|HC|  |TAMS 0x000000049e400000, 0x000000049e000000| Complete 
| 633|0x000000049e400000, 0x000000049e800000, 0x000000049e800000|100%|HC|  |TAMS 0x000000049e800000, 0x000000049e400000| Complete 
| 634|0x000000049e800000, 0x000000049e800000, 0x000000049ec00000|  0%| F|  |TAMS 0x000000049e800000, 0x000000049e800000| Untracked 
| 635|0x000000049ec00000, 0x000000049ec00000, 0x000000049f000000|  0%| F|  |TAMS 0x000000049ec00000, 0x000000049ec00000| Untracked 
| 636|0x000000049f000000, 0x000000049f400000, 0x000000049f400000|100%| O|  |TAMS 0x000000049f400000, 0x000000049f000000| Untracked 
| 637|0x000000049f400000, 0x000000049f800000, 0x000000049f800000|100%| O|  |TAMS 0x000000049f800000, 0x000000049f400000| Untracked 
| 638|0x000000049f800000, 0x000000049f800000, 0x000000049fc00000|  0%| F|  |TAMS 0x000000049f800000, 0x000000049f800000| Untracked 
| 639|0x000000049fc00000, 0x00000004a0000000, 0x00000004a0000000|100%| O|  |TAMS 0x00000004a0000000, 0x000000049fc00000| Untracked 
| 640|0x00000004a0000000, 0x00000004a0400000, 0x00000004a0400000|100%| O|  |TAMS 0x00000004a0400000, 0x00000004a0000000| Untracked 
| 641|0x00000004a0400000, 0x00000004a0800000, 0x00000004a0800000|100%| O|  |TAMS 0x00000004a0800000, 0x00000004a0400000| Untracked 
| 642|0x00000004a0800000, 0x00000004a0c00000, 0x00000004a0c00000|100%| O|  |TAMS 0x00000004a0c00000, 0x00000004a0800000| Untracked 
| 643|0x00000004a0c00000, 0x00000004a1000000, 0x00000004a1000000|100%| O|  |TAMS 0x00000004a0fefe00, 0x00000004a0c00000| Untracked 
| 644|0x00000004a1000000, 0x00000004a1000000, 0x00000004a1400000|  0%| F|  |TAMS 0x00000004a1000000, 0x00000004a1000000| Untracked 
| 645|0x00000004a1400000, 0x00000004a1800000, 0x00000004a1800000|100%| O|  |TAMS 0x00000004a1800000, 0x00000004a1400000| Untracked 
| 646|0x00000004a1800000, 0x00000004a1800000, 0x00000004a1c00000|  0%| F|  |TAMS 0x00000004a1800000, 0x00000004a1800000| Untracked 
| 647|0x00000004a1c00000, 0x00000004a1c00000, 0x00000004a2000000|  0%| F|  |TAMS 0x00000004a1c00000, 0x00000004a1c00000| Untracked 
| 648|0x00000004a2000000, 0x00000004a2000000, 0x00000004a2400000|  0%| F|  |TAMS 0x00000004a2000000, 0x00000004a2000000| Untracked 
| 649|0x00000004a2400000, 0x00000004a2400000, 0x00000004a2800000|  0%| F|  |TAMS 0x00000004a2400000, 0x00000004a2400000| Untracked 
| 650|0x00000004a2800000, 0x00000004a2800000, 0x00000004a2c00000|  0%| F|  |TAMS 0x00000004a2800000, 0x00000004a2800000| Untracked 
| 651|0x00000004a2c00000, 0x00000004a2c00000, 0x00000004a3000000|  0%| F|  |TAMS 0x00000004a2c00000, 0x00000004a2c00000| Untracked 
| 652|0x00000004a3000000, 0x00000004a3000000, 0x00000004a3400000|  0%| F|  |TAMS 0x00000004a3000000, 0x00000004a3000000| Untracked 
| 653|0x00000004a3400000, 0x00000004a3400000, 0x00000004a3800000|  0%| F|  |TAMS 0x00000004a3400000, 0x00000004a3400000| Untracked 
| 654|0x00000004a3800000, 0x00000004a3800000, 0x00000004a3c00000|  0%| F|  |TAMS 0x00000004a3800000, 0x00000004a3800000| Untracked 
| 655|0x00000004a3c00000, 0x00000004a3c00000, 0x00000004a4000000|  0%| F|  |TAMS 0x00000004a3c00000, 0x00000004a3c00000| Untracked 
| 656|0x00000004a4000000, 0x00000004a4000000, 0x00000004a4400000|  0%| F|  |TAMS 0x00000004a4000000, 0x00000004a4000000| Untracked 
| 657|0x00000004a4400000, 0x00000004a4800000, 0x00000004a4800000|100%|HS|  |TAMS 0x00000004a4800000, 0x00000004a4400000| Complete 
| 658|0x00000004a4800000, 0x00000004a4c00000, 0x00000004a4c00000|100%|HC|  |TAMS 0x00000004a4c00000, 0x00000004a4800000| Complete 
| 659|0x00000004a4c00000, 0x00000004a5000000, 0x00000004a5000000|100%|HS|  |TAMS 0x00000004a5000000, 0x00000004a4c00000| Complete 
| 660|0x00000004a5000000, 0x00000004a5400000, 0x00000004a5400000|100%|HC|  |TAMS 0x00000004a5400000, 0x00000004a5000000| Complete 
| 661|0x00000004a5400000, 0x00000004a5800000, 0x00000004a5800000|100%|HC|  |TAMS 0x00000004a5800000, 0x00000004a5400000| Complete 
| 662|0x00000004a5800000, 0x00000004a5c00000, 0x00000004a5c00000|100%|HS|  |TAMS 0x00000004a5c00000, 0x00000004a5800000| Complete 
| 663|0x00000004a5c00000, 0x00000004a6000000, 0x00000004a6000000|100%|HC|  |TAMS 0x00000004a6000000, 0x00000004a5c00000| Complete 
| 664|0x00000004a6000000, 0x00000004a6400000, 0x00000004a6400000|100%|HC|  |TAMS 0x00000004a6400000, 0x00000004a6000000| Complete 
| 665|0x00000004a6400000, 0x00000004a6800000, 0x00000004a6800000|100%|HS|  |TAMS 0x00000004a6800000, 0x00000004a6400000| Complete 
| 666|0x00000004a6800000, 0x00000004a6c00000, 0x00000004a6c00000|100%|HC|  |TAMS 0x00000004a6c00000, 0x00000004a6800000| Complete 
| 667|0x00000004a6c00000, 0x00000004a6c00000, 0x00000004a7000000|  0%| F|  |TAMS 0x00000004a6c00000, 0x00000004a6c00000| Untracked 
| 668|0x00000004a7000000, 0x00000004a7000000, 0x00000004a7400000|  0%| F|  |TAMS 0x00000004a7000000, 0x00000004a7000000| Untracked 
| 669|0x00000004a7400000, 0x00000004a7400000, 0x00000004a7800000|  0%| F|  |TAMS 0x00000004a7400000, 0x00000004a7400000| Untracked 
| 670|0x00000004a7800000, 0x00000004a7800000, 0x00000004a7c00000|  0%| F|  |TAMS 0x00000004a7800000, 0x00000004a7800000| Untracked 
| 671|0x00000004a7c00000, 0x00000004a7c00000, 0x00000004a8000000|  0%| F|  |TAMS 0x00000004a7c00000, 0x00000004a7c00000| Untracked 
| 672|0x00000004a8000000, 0x00000004a8000000, 0x00000004a8400000|  0%| F|  |TAMS 0x00000004a8000000, 0x00000004a8000000| Untracked 
| 673|0x00000004a8400000, 0x00000004a8400000, 0x00000004a8800000|  0%| F|  |TAMS 0x00000004a8400000, 0x00000004a8400000| Untracked 
| 674|0x00000004a8800000, 0x00000004a8800000, 0x00000004a8c00000|  0%| F|  |TAMS 0x00000004a8800000, 0x00000004a8800000| Untracked 
| 675|0x00000004a8c00000, 0x00000004a8c00000, 0x00000004a9000000|  0%| F|  |TAMS 0x00000004a8c00000, 0x00000004a8c00000| Untracked 
| 676|0x00000004a9000000, 0x00000004a9000000, 0x00000004a9400000|  0%| F|  |TAMS 0x00000004a9000000, 0x00000004a9000000| Untracked 
| 677|0x00000004a9400000, 0x00000004a9400000, 0x00000004a9800000|  0%| F|  |TAMS 0x00000004a9400000, 0x00000004a9400000| Untracked 
| 678|0x00000004a9800000, 0x00000004a9800000, 0x00000004a9c00000|  0%| F|  |TAMS 0x00000004a9800000, 0x00000004a9800000| Untracked 
| 679|0x00000004a9c00000, 0x00000004a9c00000, 0x00000004aa000000|  0%| F|  |TAMS 0x00000004a9c00000, 0x00000004a9c00000| Untracked 
| 680|0x00000004aa000000, 0x00000004aa000000, 0x00000004aa400000|  0%| F|  |TAMS 0x00000004aa000000, 0x00000004aa000000| Untracked 
| 681|0x00000004aa400000, 0x00000004aa400000, 0x00000004aa800000|  0%| F|  |TAMS 0x00000004aa400000, 0x00000004aa400000| Untracked 
| 682|0x00000004aa800000, 0x00000004aa800000, 0x00000004aac00000|  0%| F|  |TAMS 0x00000004aa800000, 0x00000004aa800000| Untracked 
| 683|0x00000004aac00000, 0x00000004aac00000, 0x00000004ab000000|  0%| F|  |TAMS 0x00000004aac00000, 0x00000004aac00000| Untracked 
| 684|0x00000004ab000000, 0x00000004ab000000, 0x00000004ab400000|  0%| F|  |TAMS 0x00000004ab000000, 0x00000004ab000000| Untracked 
| 685|0x00000004ab400000, 0x00000004ab400000, 0x00000004ab800000|  0%| F|  |TAMS 0x00000004ab400000, 0x00000004ab400000| Untracked 
| 686|0x00000004ab800000, 0x00000004ab800000, 0x00000004abc00000|  0%| F|  |TAMS 0x00000004ab800000, 0x00000004ab800000| Untracked 
| 687|0x00000004abc00000, 0x00000004abc00000, 0x00000004ac000000|  0%| F|  |TAMS 0x00000004abc00000, 0x00000004abc00000| Untracked 
| 688|0x00000004ac000000, 0x00000004ac000000, 0x00000004ac400000|  0%| F|  |TAMS 0x00000004ac000000, 0x00000004ac000000| Untracked 
| 689|0x00000004ac400000, 0x00000004ac400000, 0x00000004ac800000|  0%| F|  |TAMS 0x00000004ac400000, 0x00000004ac400000| Untracked 
| 690|0x00000004ac800000, 0x00000004ac800000, 0x00000004acc00000|  0%| F|  |TAMS 0x00000004ac800000, 0x00000004ac800000| Untracked 
| 691|0x00000004acc00000, 0x00000004acc00000, 0x00000004ad000000|  0%| F|  |TAMS 0x00000004acc00000, 0x00000004acc00000| Untracked 
| 692|0x00000004ad000000, 0x00000004ad000000, 0x00000004ad400000|  0%| F|  |TAMS 0x00000004ad000000, 0x00000004ad000000| Untracked 
| 693|0x00000004ad400000, 0x00000004ad400000, 0x00000004ad800000|  0%| F|  |TAMS 0x00000004ad400000, 0x00000004ad400000| Untracked 
| 694|0x00000004ad800000, 0x00000004ad800000, 0x00000004adc00000|  0%| F|  |TAMS 0x00000004ad800000, 0x00000004ad800000| Untracked 
| 695|0x00000004adc00000, 0x00000004adc00000, 0x00000004ae000000|  0%| F|  |TAMS 0x00000004adc00000, 0x00000004adc00000| Untracked 
| 696|0x00000004ae000000, 0x00000004ae000000, 0x00000004ae400000|  0%| F|  |TAMS 0x00000004ae000000, 0x00000004ae000000| Untracked 
| 697|0x00000004ae400000, 0x00000004ae400000, 0x00000004ae800000|  0%| F|  |TAMS 0x00000004ae400000, 0x00000004ae400000| Untracked 
| 698|0x00000004ae800000, 0x00000004ae800000, 0x00000004aec00000|  0%| F|  |TAMS 0x00000004ae800000, 0x00000004ae800000| Untracked 
| 699|0x00000004aec00000, 0x00000004aec00000, 0x00000004af000000|  0%| F|  |TAMS 0x00000004aec00000, 0x00000004aec00000| Untracked 
| 700|0x00000004af000000, 0x00000004af000000, 0x00000004af400000|  0%| F|  |TAMS 0x00000004af000000, 0x00000004af000000| Untracked 
| 701|0x00000004af400000, 0x00000004af400000, 0x00000004af800000|  0%| F|  |TAMS 0x00000004af400000, 0x00000004af400000| Untracked 
| 702|0x00000004af800000, 0x00000004af800000, 0x00000004afc00000|  0%| F|  |TAMS 0x00000004af800000, 0x00000004af800000| Untracked 
| 703|0x00000004afc00000, 0x00000004afc00000, 0x00000004b0000000|  0%| F|  |TAMS 0x00000004afc00000, 0x00000004afc00000| Untracked 
| 704|0x00000004b0000000, 0x00000004b0400000, 0x00000004b0400000|100%| S|CS|TAMS 0x00000004b0000000, 0x00000004b0000000| Complete 
| 705|0x00000004b0400000, 0x00000004b0400000, 0x00000004b0800000|  0%| F|  |TAMS 0x00000004b0400000, 0x00000004b0400000| Untracked 
| 706|0x00000004b0800000, 0x00000004b0800000, 0x00000004b0c00000|  0%| F|  |TAMS 0x00000004b0800000, 0x00000004b0800000| Untracked 
| 707|0x00000004b0c00000, 0x00000004b0c00000, 0x00000004b1000000|  0%| F|  |TAMS 0x00000004b0c00000, 0x00000004b0c00000| Untracked 
| 708|0x00000004b1000000, 0x00000004b1000000, 0x00000004b1400000|  0%| F|  |TAMS 0x00000004b1000000, 0x00000004b1000000| Untracked 
| 709|0x00000004b1400000, 0x00000004b1400000, 0x00000004b1800000|  0%| F|  |TAMS 0x00000004b1400000, 0x00000004b1400000| Untracked 
| 710|0x00000004b1800000, 0x00000004b1800000, 0x00000004b1c00000|  0%| F|  |TAMS 0x00000004b1800000, 0x00000004b1800000| Untracked 
| 711|0x00000004b1c00000, 0x00000004b1c00000, 0x00000004b2000000|  0%| F|  |TAMS 0x00000004b1c00000, 0x00000004b1c00000| Untracked 
| 712|0x00000004b2000000, 0x00000004b2000000, 0x00000004b2400000|  0%| F|  |TAMS 0x00000004b2000000, 0x00000004b2000000| Untracked 
| 713|0x00000004b2400000, 0x00000004b2400000, 0x00000004b2800000|  0%| F|  |TAMS 0x00000004b2400000, 0x00000004b2400000| Untracked 
| 714|0x00000004b2800000, 0x00000004b2c00000, 0x00000004b2c00000|100%| S|CS|TAMS 0x00000004b2800000, 0x00000004b2800000| Complete 
| 715|0x00000004b2c00000, 0x00000004b3000000, 0x00000004b3000000|100%| S|CS|TAMS 0x00000004b2c00000, 0x00000004b2c00000| Complete 
| 716|0x00000004b3000000, 0x00000004b3400000, 0x00000004b3400000|100%| S|CS|TAMS 0x00000004b3000000, 0x00000004b3000000| Complete 
| 717|0x00000004b3400000, 0x00000004b3800000, 0x00000004b3800000|100%| S|CS|TAMS 0x00000004b3400000, 0x00000004b3400000| Complete 
| 718|0x00000004b3800000, 0x00000004b3c00000, 0x00000004b3c00000|100%| S|CS|TAMS 0x00000004b3800000, 0x00000004b3800000| Complete 
| 719|0x00000004b3c00000, 0x00000004b4000000, 0x00000004b4000000|100%| S|CS|TAMS 0x00000004b3c00000, 0x00000004b3c00000| Complete 
| 720|0x00000004b4000000, 0x00000004b4400000, 0x00000004b4400000|100%| S|CS|TAMS 0x00000004b4000000, 0x00000004b4000000| Complete 
| 721|0x00000004b4400000, 0x00000004b4800000, 0x00000004b4800000|100%| S|CS|TAMS 0x00000004b4400000, 0x00000004b4400000| Complete 
| 722|0x00000004b4800000, 0x00000004b4c00000, 0x00000004b4c00000|100%| S|CS|TAMS 0x00000004b4800000, 0x00000004b4800000| Complete 
| 723|0x00000004b4c00000, 0x00000004b5000000, 0x00000004b5000000|100%| S|CS|TAMS 0x00000004b4c00000, 0x00000004b4c00000| Complete 
| 724|0x00000004b5000000, 0x00000004b5400000, 0x00000004b5400000|100%| S|CS|TAMS 0x00000004b5000000, 0x00000004b5000000| Complete 
| 725|0x00000004b5400000, 0x00000004b5800000, 0x00000004b5800000|100%| S|CS|TAMS 0x00000004b5400000, 0x00000004b5400000| Complete 
| 726|0x00000004b5800000, 0x00000004b5800000, 0x00000004b5c00000|  0%| F|  |TAMS 0x00000004b5800000, 0x00000004b5800000| Untracked 
| 727|0x00000004b5c00000, 0x00000004b5c00000, 0x00000004b6000000|  0%| F|  |TAMS 0x00000004b5c00000, 0x00000004b5c00000| Untracked 
| 728|0x00000004b6000000, 0x00000004b6000000, 0x00000004b6400000|  0%| F|  |TAMS 0x00000004b6000000, 0x00000004b6000000| Untracked 
| 729|0x00000004b6400000, 0x00000004b6400000, 0x00000004b6800000|  0%| F|  |TAMS 0x00000004b6400000, 0x00000004b6400000| Untracked 
| 730|0x00000004b6800000, 0x00000004b6800000, 0x00000004b6c00000|  0%| F|  |TAMS 0x00000004b6800000, 0x00000004b6800000| Untracked 
| 731|0x00000004b6c00000, 0x00000004b6c00000, 0x00000004b7000000|  0%| F|  |TAMS 0x00000004b6c00000, 0x00000004b6c00000| Untracked 
| 732|0x00000004b7000000, 0x00000004b7000000, 0x00000004b7400000|  0%| F|  |TAMS 0x00000004b7000000, 0x00000004b7000000| Untracked 
| 733|0x00000004b7400000, 0x00000004b7400000, 0x00000004b7800000|  0%| F|  |TAMS 0x00000004b7400000, 0x00000004b7400000| Untracked 
| 734|0x00000004b7800000, 0x00000004b7800000, 0x00000004b7c00000|  0%| F|  |TAMS 0x00000004b7800000, 0x00000004b7800000| Untracked 
| 735|0x00000004b7c00000, 0x00000004b7c00000, 0x00000004b8000000|  0%| F|  |TAMS 0x00000004b7c00000, 0x00000004b7c00000| Untracked 
| 736|0x00000004b8000000, 0x00000004b8000000, 0x00000004b8400000|  0%| F|  |TAMS 0x00000004b8000000, 0x00000004b8000000| Untracked 
| 737|0x00000004b8400000, 0x00000004b8400000, 0x00000004b8800000|  0%| F|  |TAMS 0x00000004b8400000, 0x00000004b8400000| Untracked 
| 738|0x00000004b8800000, 0x00000004b8800000, 0x00000004b8c00000|  0%| F|  |TAMS 0x00000004b8800000, 0x00000004b8800000| Untracked 
| 739|0x00000004b8c00000, 0x00000004b8c00000, 0x00000004b9000000|  0%| F|  |TAMS 0x00000004b8c00000, 0x00000004b8c00000| Untracked 
| 740|0x00000004b9000000, 0x00000004b9000000, 0x00000004b9400000|  0%| F|  |TAMS 0x00000004b9000000, 0x00000004b9000000| Untracked 
| 741|0x00000004b9400000, 0x00000004b9400000, 0x00000004b9800000|  0%| F|  |TAMS 0x00000004b9400000, 0x00000004b9400000| Untracked 
| 742|0x00000004b9800000, 0x00000004b9800000, 0x00000004b9c00000|  0%| F|  |TAMS 0x00000004b9800000, 0x00000004b9800000| Untracked 
| 743|0x00000004b9c00000, 0x00000004b9c00000, 0x00000004ba000000|  0%| F|  |TAMS 0x00000004b9c00000, 0x00000004b9c00000| Untracked 
| 744|0x00000004ba000000, 0x00000004ba000000, 0x00000004ba400000|  0%| F|  |TAMS 0x00000004ba000000, 0x00000004ba000000| Untracked 
| 745|0x00000004ba400000, 0x00000004ba400000, 0x00000004ba800000|  0%| F|  |TAMS 0x00000004ba400000, 0x00000004ba400000| Untracked 
| 746|0x00000004ba800000, 0x00000004ba800000, 0x00000004bac00000|  0%| F|  |TAMS 0x00000004ba800000, 0x00000004ba800000| Untracked 
| 747|0x00000004bac00000, 0x00000004bac00000, 0x00000004bb000000|  0%| F|  |TAMS 0x00000004bac00000, 0x00000004bac00000| Untracked 
| 748|0x00000004bb000000, 0x00000004bb000000, 0x00000004bb400000|  0%| F|  |TAMS 0x00000004bb000000, 0x00000004bb000000| Untracked 
| 749|0x00000004bb400000, 0x00000004bb400000, 0x00000004bb800000|  0%| F|  |TAMS 0x00000004bb400000, 0x00000004bb400000| Untracked 
| 750|0x00000004bb800000, 0x00000004bb800000, 0x00000004bbc00000|  0%| F|  |TAMS 0x00000004bb800000, 0x00000004bb800000| Untracked 
| 751|0x00000004bbc00000, 0x00000004bbc00000, 0x00000004bc000000|  0%| F|  |TAMS 0x00000004bbc00000, 0x00000004bbc00000| Untracked 
| 752|0x00000004bc000000, 0x00000004bc000000, 0x00000004bc400000|  0%| F|  |TAMS 0x00000004bc000000, 0x00000004bc000000| Untracked 
| 753|0x00000004bc400000, 0x00000004bc400000, 0x00000004bc800000|  0%| F|  |TAMS 0x00000004bc400000, 0x00000004bc400000| Untracked 
| 754|0x00000004bc800000, 0x00000004bc800000, 0x00000004bcc00000|  0%| F|  |TAMS 0x00000004bc800000, 0x00000004bc800000| Untracked 
| 755|0x00000004bcc00000, 0x00000004bcc00000, 0x00000004bd000000|  0%| F|  |TAMS 0x00000004bcc00000, 0x00000004bcc00000| Untracked 
| 756|0x00000004bd000000, 0x00000004bd000000, 0x00000004bd400000|  0%| F|  |TAMS 0x00000004bd000000, 0x00000004bd000000| Untracked 
| 757|0x00000004bd400000, 0x00000004bd400000, 0x00000004bd800000|  0%| F|  |TAMS 0x00000004bd400000, 0x00000004bd400000| Untracked 
| 758|0x00000004bd800000, 0x00000004bd800000, 0x00000004bdc00000|  0%| F|  |TAMS 0x00000004bd800000, 0x00000004bd800000| Untracked 
| 759|0x00000004bdc00000, 0x00000004bdc00000, 0x00000004be000000|  0%| F|  |TAMS 0x00000004bdc00000, 0x00000004bdc00000| Untracked 
| 760|0x00000004be000000, 0x00000004be000000, 0x00000004be400000|  0%| F|  |TAMS 0x00000004be000000, 0x00000004be000000| Untracked 
| 761|0x00000004be400000, 0x00000004be400000, 0x00000004be800000|  0%| F|  |TAMS 0x00000004be400000, 0x00000004be400000| Untracked 
| 762|0x00000004be800000, 0x00000004be800000, 0x00000004bec00000|  0%| F|  |TAMS 0x00000004be800000, 0x00000004be800000| Untracked 
| 763|0x00000004bec00000, 0x00000004bec00000, 0x00000004bf000000|  0%| F|  |TAMS 0x00000004bec00000, 0x00000004bec00000| Untracked 
| 764|0x00000004bf000000, 0x00000004bf000000, 0x00000004bf400000|  0%| F|  |TAMS 0x00000004bf000000, 0x00000004bf000000| Untracked 
| 765|0x00000004bf400000, 0x00000004bf400000, 0x00000004bf800000|  0%| F|  |TAMS 0x00000004bf400000, 0x00000004bf400000| Untracked 
| 766|0x00000004bf800000, 0x00000004bf800000, 0x00000004bfc00000|  0%| F|  |TAMS 0x00000004bf800000, 0x00000004bf800000| Untracked 
| 767|0x00000004bfc00000, 0x00000004bfc00000, 0x00000004c0000000|  0%| F|  |TAMS 0x00000004bfc00000, 0x00000004bfc00000| Untracked 
| 768|0x00000004c0000000, 0x00000004c0000000, 0x00000004c0400000|  0%| F|  |TAMS 0x00000004c0000000, 0x00000004c0000000| Untracked 
| 769|0x00000004c0400000, 0x00000004c0400000, 0x00000004c0800000|  0%| F|  |TAMS 0x00000004c0400000, 0x00000004c0400000| Untracked 
| 770|0x00000004c0800000, 0x00000004c0800000, 0x00000004c0c00000|  0%| F|  |TAMS 0x00000004c0800000, 0x00000004c0800000| Untracked 
| 771|0x00000004c0c00000, 0x00000004c0c00000, 0x00000004c1000000|  0%| F|  |TAMS 0x00000004c0c00000, 0x00000004c0c00000| Untracked 
| 772|0x00000004c1000000, 0x00000004c1000000, 0x00000004c1400000|  0%| F|  |TAMS 0x00000004c1000000, 0x00000004c1000000| Untracked 
| 773|0x00000004c1400000, 0x00000004c1400000, 0x00000004c1800000|  0%| F|  |TAMS 0x00000004c1400000, 0x00000004c1400000| Untracked 
| 774|0x00000004c1800000, 0x00000004c1800000, 0x00000004c1c00000|  0%| F|  |TAMS 0x00000004c1800000, 0x00000004c1800000| Untracked 
| 775|0x00000004c1c00000, 0x00000004c1c00000, 0x00000004c2000000|  0%| F|  |TAMS 0x00000004c1c00000, 0x00000004c1c00000| Untracked 
| 776|0x00000004c2000000, 0x00000004c2000000, 0x00000004c2400000|  0%| F|  |TAMS 0x00000004c2000000, 0x00000004c2000000| Untracked 
| 777|0x00000004c2400000, 0x00000004c2400000, 0x00000004c2800000|  0%| F|  |TAMS 0x00000004c2400000, 0x00000004c2400000| Untracked 
| 778|0x00000004c2800000, 0x00000004c2800000, 0x00000004c2c00000|  0%| F|  |TAMS 0x00000004c2800000, 0x00000004c2800000| Untracked 
| 779|0x00000004c2c00000, 0x00000004c2c00000, 0x00000004c3000000|  0%| F|  |TAMS 0x00000004c2c00000, 0x00000004c2c00000| Untracked 
| 780|0x00000004c3000000, 0x00000004c3000000, 0x00000004c3400000|  0%| F|  |TAMS 0x00000004c3000000, 0x00000004c3000000| Untracked 
| 781|0x00000004c3400000, 0x00000004c3400000, 0x00000004c3800000|  0%| F|  |TAMS 0x00000004c3400000, 0x00000004c3400000| Untracked 
| 782|0x00000004c3800000, 0x00000004c3800000, 0x00000004c3c00000|  0%| F|  |TAMS 0x00000004c3800000, 0x00000004c3800000| Untracked 
| 783|0x00000004c3c00000, 0x00000004c3c00000, 0x00000004c4000000|  0%| F|  |TAMS 0x00000004c3c00000, 0x00000004c3c00000| Untracked 
| 784|0x00000004c4000000, 0x00000004c4000000, 0x00000004c4400000|  0%| F|  |TAMS 0x00000004c4000000, 0x00000004c4000000| Untracked 
| 785|0x00000004c4400000, 0x00000004c4400000, 0x00000004c4800000|  0%| F|  |TAMS 0x00000004c4400000, 0x00000004c4400000| Untracked 
| 786|0x00000004c4800000, 0x00000004c4800000, 0x00000004c4c00000|  0%| F|  |TAMS 0x00000004c4800000, 0x00000004c4800000| Untracked 
| 787|0x00000004c4c00000, 0x00000004c4c00000, 0x00000004c5000000|  0%| F|  |TAMS 0x00000004c4c00000, 0x00000004c4c00000| Untracked 
| 788|0x00000004c5000000, 0x00000004c5000000, 0x00000004c5400000|  0%| F|  |TAMS 0x00000004c5000000, 0x00000004c5000000| Untracked 
| 789|0x00000004c5400000, 0x00000004c5400000, 0x00000004c5800000|  0%| F|  |TAMS 0x00000004c5400000, 0x00000004c5400000| Untracked 
| 790|0x00000004c5800000, 0x00000004c5800000, 0x00000004c5c00000|  0%| F|  |TAMS 0x00000004c5800000, 0x00000004c5800000| Untracked 
| 791|0x00000004c5c00000, 0x00000004c5c00000, 0x00000004c6000000|  0%| F|  |TAMS 0x00000004c5c00000, 0x00000004c5c00000| Untracked 
| 792|0x00000004c6000000, 0x00000004c6000000, 0x00000004c6400000|  0%| F|  |TAMS 0x00000004c6000000, 0x00000004c6000000| Untracked 
| 793|0x00000004c6400000, 0x00000004c6400000, 0x00000004c6800000|  0%| F|  |TAMS 0x00000004c6400000, 0x00000004c6400000| Untracked 
| 794|0x00000004c6800000, 0x00000004c6800000, 0x00000004c6c00000|  0%| F|  |TAMS 0x00000004c6800000, 0x00000004c6800000| Untracked 
| 795|0x00000004c6c00000, 0x00000004c6c00000, 0x00000004c7000000|  0%| F|  |TAMS 0x00000004c6c00000, 0x00000004c6c00000| Untracked 
| 796|0x00000004c7000000, 0x00000004c7000000, 0x00000004c7400000|  0%| F|  |TAMS 0x00000004c7000000, 0x00000004c7000000| Untracked 
| 797|0x00000004c7400000, 0x00000004c7400000, 0x00000004c7800000|  0%| F|  |TAMS 0x00000004c7400000, 0x00000004c7400000| Untracked 
| 798|0x00000004c7800000, 0x00000004c7800000, 0x00000004c7c00000|  0%| F|  |TAMS 0x00000004c7800000, 0x00000004c7800000| Untracked 
| 799|0x00000004c7c00000, 0x00000004c7c00000, 0x00000004c8000000|  0%| F|  |TAMS 0x00000004c7c00000, 0x00000004c7c00000| Untracked 
| 800|0x00000004c8000000, 0x00000004c8000000, 0x00000004c8400000|  0%| F|  |TAMS 0x00000004c8000000, 0x00000004c8000000| Untracked 
| 801|0x00000004c8400000, 0x00000004c8400000, 0x00000004c8800000|  0%| F|  |TAMS 0x00000004c8400000, 0x00000004c8400000| Untracked 
| 802|0x00000004c8800000, 0x00000004c8800000, 0x00000004c8c00000|  0%| F|  |TAMS 0x00000004c8800000, 0x00000004c8800000| Untracked 
| 803|0x00000004c8c00000, 0x00000004c8c00000, 0x00000004c9000000|  0%| F|  |TAMS 0x00000004c8c00000, 0x00000004c8c00000| Untracked 
| 804|0x00000004c9000000, 0x00000004c9000000, 0x00000004c9400000|  0%| F|  |TAMS 0x00000004c9000000, 0x00000004c9000000| Untracked 
| 805|0x00000004c9400000, 0x00000004c9400000, 0x00000004c9800000|  0%| F|  |TAMS 0x00000004c9400000, 0x00000004c9400000| Untracked 
| 806|0x00000004c9800000, 0x00000004c9800000, 0x00000004c9c00000|  0%| F|  |TAMS 0x00000004c9800000, 0x00000004c9800000| Untracked 
| 807|0x00000004c9c00000, 0x00000004c9c00000, 0x00000004ca000000|  0%| F|  |TAMS 0x00000004c9c00000, 0x00000004c9c00000| Untracked 
| 808|0x00000004ca000000, 0x00000004ca000000, 0x00000004ca400000|  0%| F|  |TAMS 0x00000004ca000000, 0x00000004ca000000| Untracked 
| 809|0x00000004ca400000, 0x00000004ca400000, 0x00000004ca800000|  0%| F|  |TAMS 0x00000004ca400000, 0x00000004ca400000| Untracked 
| 810|0x00000004ca800000, 0x00000004ca800000, 0x00000004cac00000|  0%| F|  |TAMS 0x00000004ca800000, 0x00000004ca800000| Untracked 
| 811|0x00000004cac00000, 0x00000004cac00000, 0x00000004cb000000|  0%| F|  |TAMS 0x00000004cac00000, 0x00000004cac00000| Untracked 
| 812|0x00000004cb000000, 0x00000004cb000000, 0x00000004cb400000|  0%| F|  |TAMS 0x00000004cb000000, 0x00000004cb000000| Untracked 
| 813|0x00000004cb400000, 0x00000004cb400000, 0x00000004cb800000|  0%| F|  |TAMS 0x00000004cb400000, 0x00000004cb400000| Untracked 
| 814|0x00000004cb800000, 0x00000004cb800000, 0x00000004cbc00000|  0%| F|  |TAMS 0x00000004cb800000, 0x00000004cb800000| Untracked 
| 815|0x00000004cbc00000, 0x00000004cbc00000, 0x00000004cc000000|  0%| F|  |TAMS 0x00000004cbc00000, 0x00000004cbc00000| Untracked 
| 816|0x00000004cc000000, 0x00000004cc000000, 0x00000004cc400000|  0%| F|  |TAMS 0x00000004cc000000, 0x00000004cc000000| Untracked 
| 817|0x00000004cc400000, 0x00000004cc400000, 0x00000004cc800000|  0%| F|  |TAMS 0x00000004cc400000, 0x00000004cc400000| Untracked 
| 818|0x00000004cc800000, 0x00000004cc800000, 0x00000004ccc00000|  0%| F|  |TAMS 0x00000004cc800000, 0x00000004cc800000| Untracked 
| 819|0x00000004ccc00000, 0x00000004ccc00000, 0x00000004cd000000|  0%| F|  |TAMS 0x00000004ccc00000, 0x00000004ccc00000| Untracked 
| 820|0x00000004cd000000, 0x00000004cd000000, 0x00000004cd400000|  0%| F|  |TAMS 0x00000004cd000000, 0x00000004cd000000| Untracked 
| 821|0x00000004cd400000, 0x00000004cd400000, 0x00000004cd800000|  0%| F|  |TAMS 0x00000004cd400000, 0x00000004cd400000| Untracked 
| 822|0x00000004cd800000, 0x00000004cd800000, 0x00000004cdc00000|  0%| F|  |TAMS 0x00000004cd800000, 0x00000004cd800000| Untracked 
| 823|0x00000004cdc00000, 0x00000004cdc00000, 0x00000004ce000000|  0%| F|  |TAMS 0x00000004cdc00000, 0x00000004cdc00000| Untracked 
| 824|0x00000004ce000000, 0x00000004ce000000, 0x00000004ce400000|  0%| F|  |TAMS 0x00000004ce000000, 0x00000004ce000000| Untracked 
| 825|0x00000004ce400000, 0x00000004ce400000, 0x00000004ce800000|  0%| F|  |TAMS 0x00000004ce400000, 0x00000004ce400000| Untracked 
| 826|0x00000004ce800000, 0x00000004ce800000, 0x00000004cec00000|  0%| F|  |TAMS 0x00000004ce800000, 0x00000004ce800000| Untracked 
| 827|0x00000004cec00000, 0x00000004cec00000, 0x00000004cf000000|  0%| F|  |TAMS 0x00000004cec00000, 0x00000004cec00000| Untracked 
| 828|0x00000004cf000000, 0x00000004cf000000, 0x00000004cf400000|  0%| F|  |TAMS 0x00000004cf000000, 0x00000004cf000000| Untracked 
| 829|0x00000004cf400000, 0x00000004cf400000, 0x00000004cf800000|  0%| F|  |TAMS 0x00000004cf400000, 0x00000004cf400000| Untracked 
| 830|0x00000004cf800000, 0x00000004cf800000, 0x00000004cfc00000|  0%| F|  |TAMS 0x00000004cf800000, 0x00000004cf800000| Untracked 
| 831|0x00000004cfc00000, 0x00000004cfc00000, 0x00000004d0000000|  0%| F|  |TAMS 0x00000004cfc00000, 0x00000004cfc00000| Untracked 

Card table byte_map: [0x000001d0c1490000,0x000001d0c3490000] _byte_map_base: 0x000001d0bf490000

Marking Bits (Prev, Next): (CMBitMap*) 0x000001d0a52eee60, (CMBitMap*) 0x000001d0a52eee28
 Prev Bits: [0x000001d0d5490000, 0x000001d0e5490000)
 Next Bits: [0x000001d0c5490000, 0x000001d0d5490000)

Polling page: 0x000001d0a39a0000

Metaspace:

Usage:
  Non-class:    163.74 MB capacity,   156.90 MB ( 96%) used,     5.55 MB (  3%) free+waste,     1.29 MB ( <1%) overhead. 
      Class:     29.18 MB capacity,    24.07 MB ( 82%) used,     4.45 MB ( 15%) free+waste,   673.69 KB (  2%) overhead. 
       Both:    192.92 MB capacity,   180.97 MB ( 94%) used,    10.00 MB (  5%) free+waste,     1.95 MB (  1%) overhead. 

Virtual space:
  Non-class space:      168.00 MB reserved,     167.00 MB (>99%) committed 
      Class space:        1.00 GB reserved,      32.75 MB (  3%) committed 
             Both:        1.16 GB reserved,     199.75 MB ( 17%) committed 

Chunk freelists:
   Non-Class:  3.13 MB
       Class:  3.50 MB
        Both:  6.64 MB

MaxMetaspaceSize: 17179869184.00 GB
CompressedClassSpaceSize: 1.00 GB
Initial GC threshold: 20.80 MB
Current GC threshold: 332.92 MB
CDS: off

CodeHeap 'non-profiled nmethods': size=118912Kb used=54321Kb max_used=54321Kb free=64590Kb
 bounds [0x000001d0b5ed0000, 0x000001d0b93e0000, 0x000001d0bd2f0000]
CodeHeap 'profiled nmethods': size=118848Kb used=69210Kb max_used=70837Kb free=49637Kb
 bounds [0x000001d0aeac0000, 0x000001d0b30d0000, 0x000001d0b5ed0000]
CodeHeap 'non-nmethods': size=8000Kb used=1799Kb max_used=4135Kb free=6200Kb
 bounds [0x000001d0ae2f0000, 0x000001d0ae700000, 0x000001d0aeac0000]
 total_blobs=37461 nmethods=36277 adapters=1091
 compilation: enabled
              stopped_count=0, restarted_count=0
 full_count=0

Compilation events (20 events):
Event: 354441.918 Thread 0x000001d0e9857800 50011       4       java.util.concurrent.SynchronousQueue$TransferStack$SNode::tryMatch (53 bytes)
Event: 354441.920 Thread 0x000001d0e9857800 nmethod 50011 0x000001d0b8e52e10 code [0x000001d0b8e52fc0, 0x000001d0b8e53188]
Event: 354442.926 Thread 0x000001d0e9857800 50012       4       scala.collection.immutable.Stream$StreamBuilder::result (5 bytes)
Event: 354442.932 Thread 0x000001d0e9857800 nmethod 50012 0x000001d0b93cf810 code [0x000001d0b93cf9e0, 0x000001d0b93cfe88]
Event: 354444.569 Thread 0x000001d0e9857800 50013   !   4       jdk.internal.reflect.GeneratedSerializationConstructorAccessor673::newInstance (49 bytes)
Event: 354444.570 Thread 0x000001d0e9857800 nmethod 50013 0x000001d0b93d0310 code [0x000001d0b93d04c0, 0x000001d0b93d0628]
Event: 354444.851 Thread 0x000001d0e985c000 50014   !   3       jdk.internal.reflect.GeneratedSerializationConstructorAccessor676::newInstance (49 bytes)
Event: 354444.852 Thread 0x000001d0e985c000 nmethod 50014 0x000001d0b1222210 code [0x000001d0b1222400, 0x000001d0b1222828]
Event: 354445.437 Thread 0x000001d0e9857800 50015   !   4       jdk.internal.reflect.GeneratedMethodAccessor594::invoke (61 bytes)
Event: 354445.438 Thread 0x000001d0e9857800 nmethod 50015 0x000001d0b7c9df10 code [0x000001d0b7c9e0c0, 0x000001d0b7c9e1a8]
Event: 354445.445 Thread 0x000001d0e985c000 50016   !   3       jdk.internal.reflect.GeneratedSerializationConstructorAccessor771::newInstance (49 bytes)
Event: 354445.446 Thread 0x000001d0e985c000 nmethod 50016 0x000001d0b138f710 code [0x000001d0b138f940, 0x000001d0b138ff68]
Event: 354445.641 Thread 0x000001d0e9857800 50017  s    4       org.apache.spark.scheduler.TaskSchedulerImpl::resourceOffers (359 bytes)
Event: 354445.839 Thread 0x000001d0e9857800 nmethod 50017 0x000001d0b93d0790 code [0x000001d0b93d0e60, 0x000001d0b93d7088]
Event: 354446.408 Thread 0x000001d0e985c000 50019   !   3       jdk.internal.reflect.GeneratedSerializationConstructorAccessor734::newInstance (49 bytes)
Event: 354446.408 Thread 0x000001d0e985c000 nmethod 50019 0x000001d0b1b30510 code [0x000001d0b1b30700, 0x000001d0b1b30b28]
Event: 354447.334 Thread 0x000001d0e985c000 50020   !   3       jdk.internal.reflect.GeneratedMethodAccessor598::invoke (61 bytes)
Event: 354447.335 Thread 0x000001d0e985c000 nmethod 50020 0x000001d0af059910 code [0x000001d0af059b60, 0x000001d0af05a448]
Event: 354447.335 Thread 0x000001d0e985c000 50021   !   3       jdk.internal.reflect.GeneratedMethodAccessor599::invoke (66 bytes)
Event: 354447.336 Thread 0x000001d0e985c000 nmethod 50021 0x000001d0b12e2d90 code [0x000001d0b12e2fc0, 0x000001d0b12e3758]

GC Heap History (20 events):
Event: 354445.155 GC heap after
{Heap after GC invocations=9597 (full 199):
 garbage-first heap   total 3407872K, used 2122373K [0x0000000400000000, 0x0000000800000000)
  region size 4096K, 21 young (86016K), 21 survivors (86016K)
 Metaspace       used 185309K, capacity 197551K, committed 204544K, reserved 1220608K
  class space    used 24646K, capacity 29880K, committed 33536K, reserved 1048576K
}
Event: 354445.793 GC heap before
{Heap before GC invocations=9597 (full 199):
 garbage-first heap   total 3407872K, used 2806405K [0x0000000400000000, 0x0000000800000000)
  region size 4096K, 188 young (770048K), 21 survivors (86016K)
 Metaspace       used 185310K, capacity 197551K, committed 204544K, reserved 1220608K
  class space    used 24646K, capacity 29880K, committed 33536K, reserved 1048576K
}
Event: 354445.809 GC heap after
{Heap after GC invocations=9598 (full 199):
 garbage-first heap   total 3407872K, used 2158368K [0x0000000400000000, 0x0000000800000000)
  region size 4096K, 24 young (98304K), 24 survivors (98304K)
 Metaspace       used 185310K, capacity 197551K, committed 204544K, reserved 1220608K
  class space    used 24646K, capacity 29880K, committed 33536K, reserved 1048576K
}
Event: 354446.155 GC heap before
{Heap before GC invocations=9598 (full 199):
 garbage-first heap   total 3407872K, used 2772768K [0x0000000400000000, 0x0000000800000000)
  region size 4096K, 174 young (712704K), 24 survivors (98304K)
 Metaspace       used 185310K, capacity 197551K, committed 204544K, reserved 1220608K
  class space    used 24646K, capacity 29880K, committed 33536K, reserved 1048576K
}
Event: 354446.170 GC heap after
{Heap after GC invocations=9599 (full 199):
 garbage-first heap   total 3407872K, used 2123810K [0x0000000400000000, 0x0000000800000000)
  region size 4096K, 6 young (24576K), 6 survivors (24576K)
 Metaspace       used 185310K, capacity 197551K, committed 204544K, reserved 1220608K
  class space    used 24646K, capacity 29880K, committed 33536K, reserved 1048576K
}
Event: 354446.589 GC heap before
{Heap before GC invocations=9599 (full 199):
 garbage-first heap   total 3407872K, used 2791458K [0x0000000400000000, 0x0000000800000000)
  region size 4096K, 171 young (700416K), 6 survivors (24576K)
 Metaspace       used 185310K, capacity 197551K, committed 204544K, reserved 1220608K
  class space    used 24646K, capacity 29880K, committed 33536K, reserved 1048576K
}
Event: 354446.602 GC heap after
{Heap after GC invocations=9600 (full 199):
 garbage-first heap   total 3407872K, used 2202406K [0x0000000400000000, 0x0000000800000000)
  region size 4096K, 22 young (90112K), 22 survivors (90112K)
 Metaspace       used 185310K, capacity 197551K, committed 204544K, reserved 1220608K
  class space    used 24646K, capacity 29880K, committed 33536K, reserved 1048576K
}
Event: 354446.905 GC heap before
{Heap before GC invocations=9600 (full 199):
 garbage-first heap   total 3407872K, used 2804518K [0x0000000400000000, 0x0000000800000000)
  region size 4096K, 171 young (700416K), 22 survivors (90112K)
 Metaspace       used 185310K, capacity 197551K, committed 204544K, reserved 1220608K
  class space    used 24646K, capacity 29880K, committed 33536K, reserved 1048576K
}
Event: 354446.925 GC heap after
{Heap after GC invocations=9601 (full 199):
 garbage-first heap   total 3407872K, used 2253889K [0x0000000400000000, 0x0000000800000000)
  region size 4096K, 19 young (77824K), 19 survivors (77824K)
 Metaspace       used 185310K, capacity 197551K, committed 204544K, reserved 1220608K
  class space    used 24646K, capacity 29880K, committed 33536K, reserved 1048576K
}
Event: 354447.415 GC heap before
{Heap before GC invocations=9601 (full 199):
 garbage-first heap   total 3407872K, used 2815041K [0x0000000400000000, 0x0000000800000000)
  region size 4096K, 157 young (643072K), 19 survivors (77824K)
 Metaspace       used 185312K, capacity 197552K, committed 204544K, reserved 1220608K
  class space    used 24646K, capacity 29880K, committed 33536K, reserved 1048576K
}
Event: 354447.421 GC heap after
{Heap after GC invocations=9602 (full 199):
 garbage-first heap   total 3407872K, used 2251127K [0x0000000400000000, 0x0000000800000000)
  region size 4096K, 15 young (61440K), 15 survivors (61440K)
 Metaspace       used 185312K, capacity 197552K, committed 204544K, reserved 1220608K
  class space    used 24646K, capacity 29880K, committed 33536K, reserved 1048576K
}
Event: 354447.760 GC heap before
{Heap before GC invocations=9602 (full 199):
 garbage-first heap   total 3407872K, used 2816375K [0x0000000400000000, 0x0000000800000000)
  region size 4096K, 155 young (634880K), 15 survivors (61440K)
 Metaspace       used 185312K, capacity 197552K, committed 204544K, reserved 1220608K
  class space    used 24646K, capacity 29880K, committed 33536K, reserved 1048576K
}
Event: 354447.779 GC heap after
{Heap after GC invocations=9603 (full 199):
 garbage-first heap   total 3407872K, used 2316200K [0x0000000400000000, 0x0000000800000000)
  region size 4096K, 20 young (81920K), 20 survivors (81920K)
 Metaspace       used 185312K, capacity 197552K, committed 204544K, reserved 1220608K
  class space    used 24646K, capacity 29880K, committed 33536K, reserved 1048576K
}
Event: 354448.063 GC heap before
{Heap before GC invocations=9603 (full 199):
 garbage-first heap   total 3407872K, used 2840488K [0x0000000400000000, 0x0000000800000000)
  region size 4096K, 148 young (606208K), 20 survivors (81920K)
 Metaspace       used 185312K, capacity 197552K, committed 204544K, reserved 1220608K
  class space    used 24646K, capacity 29880K, committed 33536K, reserved 1048576K
}
Event: 354448.089 GC heap after
{Heap after GC invocations=9604 (full 199):
 garbage-first heap   total 3407872K, used 2344678K [0x0000000400000000, 0x0000000800000000)
  region size 4096K, 8 young (32768K), 8 survivors (32768K)
 Metaspace       used 185312K, capacity 197552K, committed 204544K, reserved 1220608K
  class space    used 24646K, capacity 29880K, committed 33536K, reserved 1048576K
}
Event: 354448.494 GC heap before
{Heap before GC invocations=9604 (full 199):
 garbage-first heap   total 3407872K, used 2860774K [0x0000000400000000, 0x0000000800000000)
  region size 4096K, 135 young (552960K), 8 survivors (32768K)
 Metaspace       used 185312K, capacity 197552K, committed 204544K, reserved 1220608K
  class space    used 24646K, capacity 29880K, committed 33536K, reserved 1048576K
}
Event: 354448.506 GC heap after
{Heap after GC invocations=9605 (full 199):
 garbage-first heap   total 3407872K, used 2397205K [0x0000000400000000, 0x0000000800000000)
  region size 4096K, 17 young (69632K), 17 survivors (69632K)
 Metaspace       used 185312K, capacity 197552K, committed 204544K, reserved 1220608K
  class space    used 24646K, capacity 29880K, committed 33536K, reserved 1048576K
}
Event: 354448.853 GC heap before
{Heap before GC invocations=9605 (full 199):
 garbage-first heap   total 3407872K, used 2872341K [0x0000000400000000, 0x0000000800000000)
  region size 4096K, 135 young (552960K), 17 survivors (69632K)
 Metaspace       used 185312K, capacity 197552K, committed 204544K, reserved 1220608K
  class space    used 24646K, capacity 29880K, committed 33536K, reserved 1048576K
}
Event: 354448.873 GC heap after
{Heap after GC invocations=9606 (full 199):
 garbage-first heap   total 3407872K, used 2445826K [0x0000000400000000, 0x0000000800000000)
  region size 4096K, 17 young (69632K), 17 survivors (69632K)
 Metaspace       used 185312K, capacity 197552K, committed 204544K, reserved 1220608K
  class space    used 24646K, capacity 29880K, committed 33536K, reserved 1048576K
}
Event: 354449.152 GC heap before
{Heap before GC invocations=9606 (full 199):
 garbage-first heap   total 3407872K, used 2871810K [0x0000000400000000, 0x0000000800000000)
  region size 4096K, 123 young (503808K), 17 survivors (69632K)
 Metaspace       used 185312K, capacity 197552K, committed 204544K, reserved 1220608K
  class space    used 24646K, capacity 29880K, committed 33536K, reserved 1048576K
}

Deoptimization events (20 events):
Event: 354398.402 Thread 0x000001d0fbf71000 Uncommon trap: trap_request=0xffffff4d fr.pc=0x000001d0b8c72128 relative=0x00000000000012e8
Event: 354398.402 Thread 0x000001d0fbf71000 Uncommon trap: reason=unstable_if action=reinterpret pc=0x000001d0b8c72128 method=org.apache.spark.sql.catalyst.expressions.GeneratedClass$GeneratedIteratorForCodegenStage5.processNext()V @ 310 c2
Event: 354398.403 Thread 0x000001d0fbf71000 DEOPT PACKING pc=0x000001d0b8c72128 sp=0x00000043bc9fdec0
Event: 354398.403 Thread 0x000001d0fbf71000 DEOPT UNPACKING pc=0x000001d0ae2f85af sp=0x00000043bc9fde10 mode 2
Event: 354398.948 Thread 0x000001d0fbf71000 Uncommon trap: trap_request=0xffffff4d fr.pc=0x000001d0b8c68064 relative=0x0000000000001464
Event: 354398.948 Thread 0x000001d0fbf71000 Uncommon trap: reason=unstable_if action=reinterpret pc=0x000001d0b8c68064 method=org.apache.spark.sql.catalyst.expressions.GeneratedClass$GeneratedIteratorForCodegenStage5.processNext()V @ 1020 c2
Event: 354398.948 Thread 0x000001d0fbf71000 DEOPT PACKING pc=0x000001d0b8c68064 sp=0x00000043bc9fdea0
Event: 354398.949 Thread 0x000001d0fbf71000 DEOPT UNPACKING pc=0x000001d0ae2f85af sp=0x00000043bc9fde10 mode 2
Event: 354429.032 Thread 0x000001d0fa2dc800 Uncommon trap: trap_request=0xffffff4d fr.pc=0x000001d0b8c00674 relative=0x00000000000009b4
Event: 354429.033 Thread 0x000001d0fa2dc800 Uncommon trap: reason=unstable_if action=reinterpret pc=0x000001d0b8c00674 method=org.apache.spark.sql.catalyst.expressions.GeneratedClass$SpecificColumnarIterator.hasNext()Z @ 8 c2
Event: 354429.033 Thread 0x000001d0fa2dc800 DEOPT PACKING pc=0x000001d0b8c00674 sp=0x00000043be2fe460
Event: 354429.033 Thread 0x000001d0fa2dc800 DEOPT UNPACKING pc=0x000001d0ae2f85af sp=0x00000043be2fe3b8 mode 2
Event: 354429.494 Thread 0x000001d0fa2dc800 Uncommon trap: trap_request=0xffffff4d fr.pc=0x000001d0b7f769a0 relative=0x00000000000009e0
Event: 354429.494 Thread 0x000001d0fa2dc800 Uncommon trap: reason=unstable_if action=reinterpret pc=0x000001d0b7f769a0 method=org.apache.spark.sql.catalyst.expressions.GeneratedClass$GeneratedIteratorForCodegenStage6.processNext()V @ 148 c2
Event: 354429.494 Thread 0x000001d0fa2dc800 DEOPT PACKING pc=0x000001d0b7f769a0 sp=0x00000043be2fe460
Event: 354429.494 Thread 0x000001d0fa2dc800 DEOPT UNPACKING pc=0x000001d0ae2f85af sp=0x00000043be2fe430 mode 2
Event: 354445.331 Thread 0x000001d0ed1a1000 Uncommon trap: trap_request=0xffffffde fr.pc=0x000001d0b9250dd4 relative=0x0000000000000814
Event: 354445.331 Thread 0x000001d0ed1a1000 Uncommon trap: reason=class_check action=maybe_recompile pc=0x000001d0b9250dd4 method=org.apache.spark.scheduler.AsyncEventQueue.$anonfun$dispatch$1(Lorg/apache/spark/scheduler/AsyncEventQueue;)J @ 32 c2
Event: 354445.331 Thread 0x000001d0ed1a1000 DEOPT PACKING pc=0x000001d0b9250dd4 sp=0x00000043bbafeed0
Event: 354445.331 Thread 0x000001d0ed1a1000 DEOPT UNPACKING pc=0x000001d0ae2f85af sp=0x00000043bbafeef8 mode 2

Classes redefined (0 events):
No events

Internal exceptions (20 events):
Event: 354249.871 Thread 0x000001d0ed6e5800 Exception <a 'java/lang/NoSuchMethodError'{0x00000004b856b3f8}: <clinit>> (0x00000004b856b3f8) thrown at [./src/hotspot/share/prims/jni.cpp, line 1366]
Event: 354265.592 Thread 0x000001d0ed19b000 Exception <a 'java/lang/NoSuchMethodError'{0x00000004c639cc18}: <clinit>> (0x00000004c639cc18) thrown at [./src/hotspot/share/prims/jni.cpp, line 1366]
Event: 354265.594 Thread 0x000001d0ed19b000 Exception <a 'java/lang/NoSuchMethodError'{0x00000004c63d2728}: <clinit>> (0x00000004c63d2728) thrown at [./src/hotspot/share/prims/jni.cpp, line 1366]
Event: 354265.597 Thread 0x000001d0ed19b000 Exception <a 'java/lang/NoSuchMethodError'{0x00000004c5c126f0}: <clinit>> (0x00000004c5c126f0) thrown at [./src/hotspot/share/prims/jni.cpp, line 1366]
Event: 354265.601 Thread 0x000001d0ed19b000 Exception <a 'java/lang/NoSuchMethodError'{0x00000004c5c52048}: <clinit>> (0x00000004c5c52048) thrown at [./src/hotspot/share/prims/jni.cpp, line 1366]
Event: 354265.603 Thread 0x000001d0ed19b000 Exception <a 'java/lang/NoSuchMethodError'{0x00000004c5ca1e10}: <clinit>> (0x00000004c5ca1e10) thrown at [./src/hotspot/share/prims/jni.cpp, line 1366]
Event: 354265.604 Thread 0x000001d0ed19b000 Exception <a 'java/lang/NoSuchMethodError'{0x00000004c5cf0988}: <clinit>> (0x00000004c5cf0988) thrown at [./src/hotspot/share/prims/jni.cpp, line 1366]
Event: 354265.607 Thread 0x000001d0ed19b000 Exception <a 'java/lang/NoSuchMethodError'{0x00000004c5d24ef0}: <clinit>> (0x00000004c5d24ef0) thrown at [./src/hotspot/share/prims/jni.cpp, line 1366]
Event: 354265.609 Thread 0x000001d0ed19b000 Exception <a 'java/lang/NoSuchMethodError'{0x00000004c5d58af0}: <clinit>> (0x00000004c5d58af0) thrown at [./src/hotspot/share/prims/jni.cpp, line 1366]
Event: 354265.614 Thread 0x000001d0ed19b000 Exception <a 'java/lang/NoSuchMethodError'{0x00000004c5d91350}: <clinit>> (0x00000004c5d91350) thrown at [./src/hotspot/share/prims/jni.cpp, line 1366]
Event: 354265.616 Thread 0x000001d0ed19b000 Exception <a 'java/lang/NoSuchMethodError'{0x00000004c5dce3d8}: <clinit>> (0x00000004c5dce3d8) thrown at [./src/hotspot/share/prims/jni.cpp, line 1366]
Event: 354265.620 Thread 0x000001d0ed19b000 Exception <a 'java/lang/NoSuchMethodError'{0x00000004c5dfb0d8}: <clinit>> (0x00000004c5dfb0d8) thrown at [./src/hotspot/share/prims/jni.cpp, line 1366]
Event: 354265.625 Thread 0x000001d0ed19b000 Exception <a 'java/lang/NoSuchMethodError'{0x00000004c5e5eed0}: <clinit>> (0x00000004c5e5eed0) thrown at [./src/hotspot/share/prims/jni.cpp, line 1366]
Event: 354265.626 Thread 0x000001d0ed19b000 Exception <a 'java/lang/NoSuchMethodError'{0x00000004c5e831b8}: <clinit>> (0x00000004c5e831b8) thrown at [./src/hotspot/share/prims/jni.cpp, line 1366]
Event: 354265.629 Thread 0x000001d0ed19b000 Exception <a 'java/lang/NoSuchMethodError'{0x00000004c5eb3540}: <clinit>> (0x00000004c5eb3540) thrown at [./src/hotspot/share/prims/jni.cpp, line 1366]
Event: 354266.773 Thread 0x000001d0eca6b000 Exception <a 'java/lang/NoSuchMethodError'{0x00000004c96b7888}: <clinit>> (0x00000004c96b7888) thrown at [./src/hotspot/share/prims/jni.cpp, line 1366]
Event: 354266.797 Thread 0x000001d0eca6b000 Exception <a 'java/lang/NoSuchMethodError'{0x00000004c97213b0}: <clinit>> (0x00000004c97213b0) thrown at [./src/hotspot/share/prims/jni.cpp, line 1366]
Event: 354266.798 Thread 0x000001d0eca6b000 Exception <a 'java/lang/NoSuchMethodError'{0x00000004c9744270}: <clinit>> (0x00000004c9744270) thrown at [./src/hotspot/share/prims/jni.cpp, line 1366]
Event: 354266.805 Thread 0x000001d0eca6b000 Exception <a 'java/lang/NoSuchMethodError'{0x00000004c9767470}: <clinit>> (0x00000004c9767470) thrown at [./src/hotspot/share/prims/jni.cpp, line 1366]
Event: 354428.930 Thread 0x000001d0f176f800 Exception <a 'java/lang/NoSuchMethodError'{0x00000004a3a4a778}: <clinit>> (0x00000004a3a4a778) thrown at [./src/hotspot/share/prims/jni.cpp, line 1366]

Events (20 events):
Event: 354446.904 Executing VM operation: G1CollectForAllocation done
Event: 354446.904 Executing VM operation: G1CollectForAllocation
Event: 354446.925 Executing VM operation: G1CollectForAllocation done
Event: 354447.414 Executing VM operation: G1CollectForAllocation
Event: 354447.421 Executing VM operation: G1CollectForAllocation done
Event: 354447.759 Executing VM operation: G1CollectForAllocation
Event: 354447.760 Executing VM operation: G1CollectForAllocation done
Event: 354447.760 Executing VM operation: G1CollectForAllocation
Event: 354447.779 Executing VM operation: G1CollectForAllocation done
Event: 354448.063 Executing VM operation: G1CollectForAllocation
Event: 354448.089 Executing VM operation: G1CollectForAllocation done
Event: 354448.494 Executing VM operation: G1CollectForAllocation
Event: 354448.506 Executing VM operation: G1CollectForAllocation done
Event: 354448.852 Executing VM operation: G1CollectForAllocation
Event: 354448.852 Executing VM operation: G1CollectForAllocation done
Event: 354448.852 Executing VM operation: G1CollectForAllocation
Event: 354448.873 Executing VM operation: G1CollectForAllocation done
Event: 354449.151 Executing VM operation: G1CollectForAllocation
Event: 354449.151 Executing VM operation: G1CollectForAllocation done
Event: 354449.151 Executing VM operation: G1CollectForAllocation


Dynamic libraries:
0x00007ff7a8760000 - 0x00007ff7a876a000 	C:\ProgramData\anaconda3\envs\pyspark_env\Library\bin\java.exe
0x000001d0a3600000 - 0x000001d0a3863000 	C:\Windows\SYSTEM32\ntd1l.dll
0x000001d0a3870000 - 0x000001d0a3938000 	C:\Windows\System32\kern3l32.dll
0x00007ffe09a60000 - 0x00007ffe09cc3000 	C:\Windows\SYSTEM32\ntdll.dll
0x00007ffe08790000 - 0x00007ffe08858000 	C:\Windows\System32\KERNEL32.DLL
0x00007ffe06ee0000 - 0x00007ffe07292000 	C:\Windows\System32\KERNELBASE.dll
0x00007ffdcc080000 - 0x00007ffdcc3b1000 	C:\Program Files\SentinelOne\Sentinel Agent 23.4.4.223\InProcessClient64.dll
0x00007ffe08e90000 - 0x00007ffe08f44000 	C:\Windows\System32\ADVAPI32.dll
0x00007ffe086e0000 - 0x00007ffe08789000 	C:\Windows\System32\msvcrt.dll
0x00007ffe098f0000 - 0x00007ffe09996000 	C:\Windows\System32\sechost.dll
0x00007ffe09080000 - 0x00007ffe09196000 	C:\Windows\System32\RPCRT4.dll
0x00007ffe072d0000 - 0x00007ffe0741b000 	C:\Windows\System32\ucrtbase.dll
0x00007ffd61610000 - 0x00007ffd61629000 	C:\ProgramData\anaconda3\envs\pyspark_env\Library\bin\jli.dll
0x00007ffd61630000 - 0x00007ffd6164e000 	C:\ProgramData\anaconda3\envs\pyspark_env\Library\bin\VCRUNTIME140.dll
0x00007ffe080a0000 - 0x00007ffe08268000 	C:\Windows\System32\USER32.dll
0x00007ffe072a0000 - 0x00007ffe072c7000 	C:\Windows\System32\win32u.dll
0x00007ffe083c0000 - 0x00007ffe083ea000 	C:\Windows\System32\GDI32.dll
0x00007ffe07790000 - 0x00007ffe078bb000 	C:\Windows\System32\gdi32full.dll
0x00007ffe06e30000 - 0x00007ffe06ed3000 	C:\Windows\System32\msvcp_win.dll
0x00007ffdec060000 - 0x00007ffdec2f0000 	C:\Windows\WinSxS\amd64_microsoft.windows.common-controls_6595b64144ccf1df_6.0.26100.2454_none_3e0b68a2e331ad60\COMCTL32.dll
0x00007ffe01a00000 - 0x00007ffe01a0b000 	C:\Windows\SYSTEM32\VERSION.dll
0x00007ffdeca00000 - 0x00007ffdeca0c000 	C:\Windows\SYSTEM32\FLTLIB.DLL
0x00007ffe08f60000 - 0x00007ffe08f8f000 	C:\Windows\System32\IMM32.DLL
0x00007ffd61580000 - 0x00007ffd6160d000 	C:\ProgramData\anaconda3\envs\pyspark_env\Library\bin\msvcp140.dll
0x00007ffd61570000 - 0x00007ffd6157c000 	C:\ProgramData\anaconda3\envs\pyspark_env\Library\bin\VCRUNTIME140_1.dll
0x00007ffd52b80000 - 0x00007ffd536f6000 	C:\ProgramData\anaconda3\envs\pyspark_env\Library\bin\server\jvm.dll
0x00007ffe08f50000 - 0x00007ffe08f58000 	C:\Windows\System32\PSAPI.DLL
0x00007ffdc8d80000 - 0x00007ffdc8d8a000 	C:\Windows\SYSTEM32\WSOCK32.dll
0x00007ffe097f0000 - 0x00007ffe09864000 	C:\Windows\System32\WS2_32.dll
0x00007ffdf9680000 - 0x00007ffdf96b6000 	C:\Windows\SYSTEM32\WINMM.dll
0x00007ffe05c30000 - 0x00007ffe05c4a000 	C:\Windows\SYSTEM32\kernel.appcore.dll
0x00007ffd61550000 - 0x00007ffd61561000 	C:\ProgramData\anaconda3\envs\pyspark_env\Library\bin\verify.dll
0x00007ffdf0420000 - 0x00007ffdf0661000 	C:\Windows\SYSTEM32\DBGHELP.DLL
0x00007ffe09460000 - 0x00007ffe097de000 	C:\Windows\System32\combase.dll
0x00007ffe084a0000 - 0x00007ffe08576000 	C:\Windows\System32\OLEAUT32.dll
0x00007ffdecda0000 - 0x00007ffdecdd9000 	C:\Windows\SYSTEM32\dbgcore.DLL
0x00007ffe074e0000 - 0x00007ffe07579000 	C:\Windows\System32\bcryptPrimitives.dll
0x00007ffd61520000 - 0x00007ffd61549000 	C:\ProgramData\anaconda3\envs\pyspark_env\Library\bin\java.dll
0x00007ffd61510000 - 0x00007ffd6151b000 	C:\ProgramData\anaconda3\envs\pyspark_env\Library\bin\jimage.dll
0x00007ffd61460000 - 0x00007ffd6150d000 	C:\Program Files\SentinelOne\Sentinel Agent 23.4.4.223\SentinelJava64.dll
0x00007ffe07930000 - 0x00007ffe0798d000 	C:\Windows\System32\SHLWAPI.dll
0x00007ffe08cf0000 - 0x00007ffe08e89000 	C:\Windows\System32\ole32.dll
0x00007ffd61440000 - 0x00007ffd61458000 	C:\ProgramData\anaconda3\envs\pyspark_env\Library\bin\zip.dll
0x00007ffe07990000 - 0x00007ffe08090000 	C:\Windows\System32\SHELL32.dll
0x00007ffe04920000 - 0x00007ffe05151000 	C:\Windows\SYSTEM32\windows.storage.dll
0x00007ffe09370000 - 0x00007ffe0944a000 	C:\Windows\System32\SHCORE.dll
0x00007ffe06d40000 - 0x00007ffe06d6e000 	C:\Windows\SYSTEM32\profapi.dll
0x00007ffd61420000 - 0x00007ffd6143a000 	C:\ProgramData\anaconda3\envs\pyspark_env\Library\bin\net.dll
0x00007ffe02de0000 - 0x00007ffe02f06000 	C:\Windows\SYSTEM32\WINHTTP.dll
0x00007ffe06110000 - 0x00007ffe06178000 	C:\Windows\system32\mswsock.dll
0x00007ffd61400000 - 0x00007ffd61414000 	C:\ProgramData\anaconda3\envs\pyspark_env\Library\bin\nio.dll
0x00007ffdc2530000 - 0x00007ffdc253a000 	C:\ProgramData\anaconda3\envs\pyspark_env\Library\bin\management.dll
0x00007ffdbde10000 - 0x00007ffdbde1d000 	C:\ProgramData\anaconda3\envs\pyspark_env\Library\bin\management_ext.dll
0x00007ffdf9f50000 - 0x00007ffdf9f68000 	C:\Windows\system32\napinsp.dll
0x00007ffe05450000 - 0x00007ffe05575000 	C:\Windows\SYSTEM32\DNSAPI.dll
0x00007ffe05410000 - 0x00007ffe05442000 	C:\Windows\SYSTEM32\IPHLPAPI.DLL
0x00007ffe09450000 - 0x00007ffe0945a000 	C:\Windows\System32\NSI.dll
0x00007ffdfa080000 - 0x00007ffdfa092000 	C:\Windows\System32\winrnr.dll
0x00007ffdfa0a0000 - 0x00007ffdfa0c2000 	C:\Windows\system32\nlansp_c.dll
0x00007ffdfe220000 - 0x00007ffdfe236000 	C:\Windows\system32\wshbth.dll
0x00007ffe019f0000 - 0x00007ffe019fb000 	C:\Windows\System32\rasadhlp.dll
0x00007ffe036f0000 - 0x00007ffe03775000 	C:\Windows\System32\fwpuclnt.dll
0x00007ffe064c0000 - 0x00007ffe064dc000 	C:\Windows\SYSTEM32\CRYPTSP.dll
0x00007ffe05b90000 - 0x00007ffe05bc8000 	C:\Windows\system32\rsaenh.dll
0x00007ffe061b0000 - 0x00007ffe061db000 	C:\Windows\SYSTEM32\USERENV.dll
0x00007ffe06760000 - 0x00007ffe06786000 	C:\Windows\SYSTEM32\bcrypt.dll
0x00007ffe06340000 - 0x00007ffe0634c000 	C:\Windows\SYSTEM32\CRYPTBASE.dll
0x00007ffe02f90000 - 0x00007ffe02fae000 	C:\Windows\SYSTEM32\dhcpcsvc6.DLL
0x00007ffe02f60000 - 0x00007ffe02f85000 	C:\Windows\SYSTEM32\dhcpcsvc.DLL
0x00007ffdbddd0000 - 0x00007ffdbddea000 	C:\winutils\bin\hadoop.dll
0x0000000067180000 - 0x0000000067252000 	C:\Windows\SYSTEM32\MSVCR100.dll
0x00007ffe05610000 - 0x00007ffe05660000 	C:\Windows\SYSTEM32\AUTHZ.dll
0x00007ffde6c90000 - 0x00007ffde6caa000 	C:\Windows\SYSTEM32\NETAPI32.dll
0x00007ffe055b0000 - 0x00007ffe055bd000 	C:\Windows\SYSTEM32\NETUTILS.DLL
0x00007ffe053f0000 - 0x00007ffe0540b000 	C:\Windows\SYSTEM32\SAMCLI.DLL
0x00007ffdbddc0000 - 0x00007ffdbddca000 	C:\ProgramData\anaconda3\envs\pyspark_env\Library\bin\jaas.dll
0x00007ffe05d50000 - 0x00007ffe05d85000 	C:\Windows\SYSTEM32\ntmarta.dll
0x0000000066f40000 - 0x0000000066fc4000 	C:\Users\raphael.wargon\AppData\Local\Temp\liblz4-java-14945243424794150474.so
0x0000000070fc0000 - 0x000000007108f000 	C:\Users\raphael.wargon\AppData\Local\Temp\snappy-1.1.10-ecbc21b2-bde3-449f-b51c-1032c4ba468d-snappyjava.dll

dbghelp: loaded successfully - version: 4.0.5 - missing functions: none
symbol engine: initialized successfully - sym options: 0x614 - pdb path: .;C:\ProgramData\anaconda3\envs\pyspark_env\Library\bin;C:\Windows\SYSTEM32;C:\Program Files\SentinelOne\Sentinel Agent 23.4.4.223;C:\Windows\WinSxS\amd64_microsoft.windows.common-controls_6595b64144ccf1df_6.0.26100.2454_none_3e0b68a2e331ad60;C:\ProgramData\anaconda3\envs\pyspark_env\Library\bin\server;C:\winutils\bin;C:\Users\raphael.wargon\AppData\Local\Temp

VM Arguments:
jvm_args: -Xmx16G -XX:+IgnoreUnrecognizedVMOptions --add-opens=java.base/java.lang=ALL-UNNAMED --add-opens=java.base/java.lang.invoke=ALL-UNNAMED --add-opens=java.base/java.lang.reflect=ALL-UNNAMED --add-opens=java.base/java.io=ALL-UNNAMED --add-opens=java.base/java.net=ALL-UNNAMED --add-opens=java.base/java.nio=ALL-UNNAMED --add-opens=java.base/java.util=ALL-UNNAMED --add-opens=java.base/java.util.concurrent=ALL-UNNAMED --add-opens=java.base/java.util.concurrent.atomic=ALL-UNNAMED --add-opens=java.base/jdk.internal.ref=ALL-UNNAMED --add-opens=java.base/sun.nio.ch=ALL-UNNAMED --add-opens=java.base/sun.nio.cs=ALL-UNNAMED --add-opens=java.base/sun.security.action=ALL-UNNAMED --add-opens=java.base/sun.util.calendar=ALL-UNNAMED --add-opens=java.security.jgss/sun.security.krb5=ALL-UNNAMED -Djdk.reflect.useDirectMethodHandle=false -agentpath:C:\Program Files\SentinelOne\Sentinel Agent 23.4.4.223\SentinelJava64.dll=extendedCapabilities 
java_command: org.apache.spark.deploy.SparkSubmit --conf spark.master=local[*] --conf spark.driver.memory=16G --conf spark.kryoserializer.buffer.max=2000M --conf spark.driver.maxResultSize=0 --conf spark.jars.packages=com.johnsnowlabs.nlp:spark-nlp-gpu_2.12:5.5.2 --conf appName=default --conf spark.serializer=org.apache.spark.serializer.KryoSerializer --conf spark.app.name=Spark NLP pyspark-shell
java_class_path (initial): C:\Users\raphael.wargon\.conda\envs\pyspark_env\Lib\site-packages\pyspark\bin\..\conf;C:\Users\raphael.wargon\.conda\envs\pyspark_env\Lib\site-packages\pyspark\jars\activation-1.1.1.jar;C:\Users\raphael.wargon\.conda\envs\pyspark_env\Lib\site-packages\pyspark\jars\aircompressor-0.27.jar;C:\Users\raphael.wargon\.conda\envs\pyspark_env\Lib\site-packages\pyspark\jars\algebra_2.12-2.0.1.jar;C:\Users\raphael.wargon\.conda\envs\pyspark_env\Lib\site-packages\pyspark\jars\annotations-17.0.0.jar;C:\Users\raphael.wargon\.conda\envs\pyspark_env\Lib\site-packages\pyspark\jars\antlr-runtime-3.5.2.jar;C:\Users\raphael.wargon\.conda\envs\pyspark_env\Lib\site-packages\pyspark\jars\antlr4-runtime-4.9.3.jar;C:\Users\raphael.wargon\.conda\envs\pyspark_env\Lib\site-packages\pyspark\jars\aopalliance-repackaged-2.6.1.jar;C:\Users\raphael.wargon\.conda\envs\pyspark_env\Lib\site-packages\pyspark\jars\arpack-3.0.3.jar;C:\Users\raphael.wargon\.conda\envs\pyspark_env\Lib\site-packages\pyspark\jars\arpack_combined_all-0.1.jar;C:\Users\raphael.wargon\.conda\envs\pyspark_env\Lib\site-packages\pyspark\jars\arrow-format-12.0.1.jar;C:\Users\raphael.wargon\.conda\envs\pyspark_env\Lib\site-packages\pyspark\jars\arrow-memory-core-12.0.1.jar;C:\Users\raphael.wargon\.conda\envs\pyspark_env\Lib\site-packages\pyspark\jars\arrow-memory-netty-12.0.1.jar;C:\Users\raphael.wargon\.conda\envs\pyspark_env\Lib\site-packages\pyspark\jars\arrow-vector-12.0.1.jar;C:\Users\raphael.wargon\.conda\envs\pyspark_env\Lib\site-packages\pyspark\jars\audience-annotations-0.5.0.jar;C:\Users\raphael.wargon\.conda\envs\pyspark_env\Lib\site-packages\pyspark\jars\avro-1.11.2.jar;C:\Users\raphael.wargon\.conda\envs\pyspark_env\Lib\site-packages\pyspark\jars\avro-ipc-1.11.2.jar;C:\Users\raphael.wargon\.conda\envs\pyspark_env\Lib\site-packages\pyspark\jars\avro-mapred-1.11.2.jar;C:\Users\raphael.wargon\.conda\envs\pyspark_env\Lib\site-packages\pyspark\jars\blas-3.0.3.jar;C:\Users\raphael.wargon\.conda\env
Launcher Type: SUN_STANDARD

[Global flags]
     intx CICompilerCount                          = 15                                        {product} {ergonomic}
     uint ConcGCThreads                            = 7                                         {product} {ergonomic}
     uint G1ConcRefinementThreads                  = 28                                        {product} {ergonomic}
   size_t G1HeapRegionSize                         = 4194304                                   {product} {ergonomic}
    uintx GCDrainStackTargetSize                   = 64                                        {product} {ergonomic}
     bool IgnoreUnrecognizedVMOptions              = true                                      {product} {command line}
   size_t InitialHeapSize                          = 1065353216                                {product} {ergonomic}
   size_t MarkStackSize                            = 4194304                                   {product} {ergonomic}
   size_t MaxHeapSize                              = 17179869184                               {product} {command line}
   size_t MaxNewSize                               = 10305404928                               {product} {ergonomic}
   size_t MinHeapDeltaBytes                        = 4194304                                   {product} {ergonomic}
    uintx NonNMethodCodeHeapSize                   = 8182140                                {pd product} {ergonomic}
    uintx NonProfiledCodeHeapSize                  = 121738050                              {pd product} {ergonomic}
    uintx ProfiledCodeHeapSize                     = 121738050                              {pd product} {ergonomic}
    uintx ReservedCodeCacheSize                    = 251658240                              {pd product} {ergonomic}
     bool SegmentedCodeCache                       = true                                      {product} {ergonomic}
     bool UseCompressedClassPointers               = true                                 {lp64_product} {ergonomic}
     bool UseCompressedOops                        = true                                 {lp64_product} {ergonomic}
     bool UseG1GC                                  = true                                      {product} {ergonomic}
     bool UseLargePagesIndividualAllocation        = false                                  {pd product} {ergonomic}

Logging:
Log output configuration:
 #0: stdout all=warning uptime,level,tags
 #1: stderr all=off uptime,level,tags

Environment Variables:
JAVA_HOME=C:\ProgramData\anaconda3\envs\pyspark_env\Library
PATH=C:\ProgramData\anaconda3\envs\pyspark_env;C:\ProgramData\anaconda3\envs\pyspark_env\Library\mingw64\bin;C:\ProgramData\anaconda3\envs\pyspark_env\Library\mingw-w64\bin;C:\ProgramData\anaconda3\envs\pyspark_env\Library\usr\bin;C:\ProgramData\anaconda3\envs\pyspark_env\Library\bin;C:\ProgramData\anaconda3\envs\pyspark_env\Scripts;C:\ProgramData\anaconda3\envs\pyspark_env\bin;C:\ProgramData\anaconda3\condabin;C:\Program Files\NVIDIA GPU Computing Toolkit\CUDA\v12.5\bin;C:\Program Files\NVIDIA GPU Computing Toolkit\CUDA\v12.5\libnvvp;C:\Windows\system32;C:\Windows;C:\Windows\System32\Wbem;C:\Windows\System32\WindowsPowerShell\v1.0;C:\Windows\System32\OpenSSH;C:\Program Files\dotnet;C:\Program Files (x86)\NVIDIA Corporation\PhysX\Common;C:\Program Files\NVIDIA Corporation\Nsight Compute 2024.2.0;C:\ProgramData\anaconda3;C:\ProgramData\anaconda3\Scripts;C:\winutils\bin;C:\Users\raphael.wargon\.conda\envs\pyspark_env\Lib\site-packages\pyspark\bin;C:\Users\raphael.wargon\.conda\envs\pyspark_env\python.exe;C:\Users\raphael.wargon\.conda\envs\pyspark_env\Library\lib\jvm\bin;C:\Program Files\Amazon\AWSCLIV2;C:\Users\raphael.wargon\AppData\Local\Programs\Python\Launcher;C:\Users\raphael.wargon\AppData\Local\Microsoft\WindowsApps;C:\Users\raphael.wargon\AppData\Local\GitHubDesktop\bin;C:\Users\raphael.wargon\AppData\Local\Programs\Microsoft VS Code\bin;C:\Windows\system32\config\systemprofile\.conda\envs\pyspark_env\Lib\site-packages\pyspark\bin;C:\Windows\system32\config\systemprofile\.conda\envs\pyspark_env\python.exe;C:\Users\raphael.wargon\.conda\envs\pyspark_env\Library\lib\jvm\bin;.
USERNAME=raphael.wargon
OS=Windows_NT
PROCESSOR_IDENTIFIER=Intel64 Family 6 Model 143 Stepping 8, GenuineIntel



---------------  S Y S T E M  ---------------

OS: Windows 11 , 64 bit Build 26100 (10.0.26100.2454)
OS uptime: 51 days 23:08 hours
Hyper-V role detected

CPU:total 40 (initial active 40) (20 cores per cpu, 2 threads per core) family 6 model 143 stepping 8 microcode 0x2b000666, cmov, cx8, fxsr, mmx, sse, sse2, sse3, ssse3, sse4.1, sse4.2, popcnt, avx, avx2, aes, clmul, erms, rtm, 3dnowpref, lzcnt, ht, tsc, tscinvbit, bmi1, bmi2, adx, evex, sha, fma

Memory: 4k page, system-wide physical 64768M (9391M free)
TotalPageFile size 261376M (AvailPageFile size 403M)
current process WorkingSet (physical memory assigned to process): 3482M, peak: 18085M
current process commit charge ("private bytes"): 4569M, peak: 18243M

vm_info: OpenJDK 64-Bit Server VM (11.0.13+7-b1751.21) for windows-amd64 JRE (11.0.13+7-b1751.21), built on Nov 30 2021 02:32:50 by "" with MS VC++ 14.0 (VS2015)

END.
